<?xml version="1.0" encoding="UTF-8"?>
<gpx version="1.1" creator="https://www.komoot.de" schemaLocation="http://www.topografix.com/GPX/1/1 http://www.topografix.com/GPX/1/1/gpx.xsd" xmlns="http://www.topografix.com/GPX/1/1" xmlns:xsi="http://www.w3.org/2001/XMLSchema-instance" xsi:schemaLocation="http://www.topografix.com/GPX/1/1 http://www.topografix.com/GPX/1/1/gpx.xsd http://www.garmin.com/xmlschemas/GpxExtensions/v3 http://www.garmin.com/xmlschemas/GpxExtensionsv3.xsd http://www.garmin.com/xmlschemas/TrackPointExtension/v1 http://www.garmin.com/xmlschemas/TrackPointExtensionv1.xsd http://www.garmin.com/xmlschemas/PowerExtension/v1 http://www.garmin.com/xmlschemas/PowerExtensionv1.xsd http://www.topografix.com/GPX/gpx_style/0/2 http://www.topografix.com/GPX/gpx_style/0/2/gpx_style.xsd" xmlns:gpxtpx="http://www.garmin.com/xmlschemas/TrackPointExtension/v1" xmlns:gpxx="http://www.garmin.com/xmlschemas/GpxExtensions/v3" xmlns:gpxpx="http://www.garmin.com/xmlschemas/PowerExtension/v1" xmlns:gpx_style="http://www.topografix.com/GPX/gpx_style/0/2">
  <metadata>
    <name>Ecchinswell and Ladle Hill</name>
    <author>
      <name>gpx.studio</name>
      <link href="https://gpx.studio"/>
    </author>
  </metadata>
  <trk>
    <name>Ecchinswell and Ladle Hill</name>
    <type>hike</type>
    <trkseg>
      <trkpt lat="51.334492" lon="-1.283484">
        <ele>149.904476</ele>
        <time>2026-05-09T10:22:05.181Z</time>
      </trkpt>
      <trkpt lat="51.334568" lon="-1.283562">
        <ele>149.904476</ele>
        <time>2026-05-09T10:25:35.182Z</time>
      </trkpt>
      <trkpt lat="51.334614" lon="-1.283694">
        <ele>149.904476</ele>
        <time>2026-05-09T10:25:41.149Z</time>
      </trkpt>
      <trkpt lat="51.334628" lon="-1.283846">
        <ele>149.904476</ele>
        <time>2026-05-09T10:25:46.148Z</time>
      </trkpt>
      <trkpt lat="51.334645" lon="-1.284007">
        <ele>149.904476</ele>
        <time>2026-05-09T10:26:00.175Z</time>
      </trkpt>
      <trkpt lat="51.334669" lon="-1.284158">
        <ele>149.904476</ele>
        <time>2026-05-09T10:26:11.190Z</time>
      </trkpt>
      <trkpt lat="51.334718" lon="-1.284282">
        <ele>149.904476</ele>
        <time>2026-05-09T10:26:16.188Z</time>
      </trkpt>
      <trkpt lat="51.334762" lon="-1.284416">
        <ele>149.904476</ele>
        <time>2026-05-09T10:26:22.180Z</time>
      </trkpt>
      <trkpt lat="51.334801" lon="-1.284547">
        <ele>149.904476</ele>
        <time>2026-05-09T10:26:28.174Z</time>
      </trkpt>
      <trkpt lat="51.334824" lon="-1.284707">
        <ele>149.904476</ele>
        <time>2026-05-09T10:26:35.191Z</time>
      </trkpt>
      <trkpt lat="51.334861" lon="-1.28486">
        <ele>149.896486</ele>
        <time>2026-05-09T10:26:42.180Z</time>
      </trkpt>
      <trkpt lat="51.334884" lon="-1.285009">
        <ele>149.884273</ele>
        <time>2026-05-09T10:26:48.195Z</time>
      </trkpt>
      <trkpt lat="51.334907" lon="-1.285161">
        <ele>149.871828</ele>
        <time>2026-05-09T10:26:55.148Z</time>
      </trkpt>
      <trkpt lat="51.334932" lon="-1.285321">
        <ele>149.858704</ele>
        <time>2026-05-09T10:27:02.186Z</time>
      </trkpt>
      <trkpt lat="51.334954" lon="-1.285466">
        <ele>149.84683</ele>
        <time>2026-05-09T10:27:08.189Z</time>
      </trkpt>
      <trkpt lat="51.334984" lon="-1.28561">
        <ele>149.834751</ele>
        <time>2026-05-09T10:27:14.180Z</time>
      </trkpt>
      <trkpt lat="51.335011" lon="-1.285755">
        <ele>149.822711</ele>
        <time>2026-05-09T10:27:21.185Z</time>
      </trkpt>
      <trkpt lat="51.335042" lon="-1.285906">
        <ele>149.810063</ele>
        <time>2026-05-09T10:27:28.204Z</time>
      </trkpt>
      <trkpt lat="51.335063" lon="-1.286049">
        <ele>149.798374</ele>
        <time>2026-05-09T10:27:35.173Z</time>
      </trkpt>
      <trkpt lat="51.335106" lon="-1.286197">
        <ele>149.785386</ele>
        <time>2026-05-09T10:27:42.195Z</time>
      </trkpt>
      <trkpt lat="51.335115" lon="-1.286346">
        <ele>149.773474</ele>
        <time>2026-05-09T10:27:48.199Z</time>
      </trkpt>
      <trkpt lat="51.335121" lon="-1.2865">
        <ele>149.761195</ele>
        <time>2026-05-09T10:27:55.200Z</time>
      </trkpt>
      <trkpt lat="51.335131" lon="-1.286666">
        <ele>149.747925</ele>
        <time>2026-05-09T10:28:01.188Z</time>
      </trkpt>
      <trkpt lat="51.335137" lon="-1.286832">
        <ele>149.734693</ele>
        <time>2026-05-09T10:28:08.183Z</time>
      </trkpt>
      <trkpt lat="51.335142" lon="-1.286987">
        <ele>149.722343</ele>
        <time>2026-05-09T10:28:14.184Z</time>
      </trkpt>
      <trkpt lat="51.335137" lon="-1.287148">
        <ele>149.709515</ele>
        <time>2026-05-09T10:28:21.180Z</time>
      </trkpt>
      <trkpt lat="51.335145" lon="-1.287308">
        <ele>149.696743</ele>
        <time>2026-05-09T10:28:28.190Z</time>
      </trkpt>
      <trkpt lat="51.335146" lon="-1.287453">
        <ele>149.685204</ele>
        <time>2026-05-09T10:28:34.203Z</time>
      </trkpt>
      <trkpt lat="51.33516" lon="-1.287617">
        <ele>149.702857</ele>
        <time>2026-05-09T10:28:41.192Z</time>
      </trkpt>
      <trkpt lat="51.335147" lon="-1.287779">
        <ele>149.809297</ele>
        <time>2026-05-09T10:28:48.203Z</time>
      </trkpt>
      <trkpt lat="51.335155" lon="-1.287941">
        <ele>149.915199</ele>
        <time>2026-05-09T10:28:55.207Z</time>
      </trkpt>
      <trkpt lat="51.335157" lon="-1.288087">
        <ele>150.010368</ele>
        <time>2026-05-09T10:29:01.198Z</time>
      </trkpt>
      <trkpt lat="51.335173" lon="-1.288229">
        <ele>150.1044</ele>
        <time>2026-05-09T10:29:07.197Z</time>
      </trkpt>
      <trkpt lat="51.335175" lon="-1.288397">
        <ele>150.213902</ele>
        <time>2026-05-09T10:29:14.203Z</time>
      </trkpt>
      <trkpt lat="51.335186" lon="-1.288552">
        <ele>150.315563</ele>
        <time>2026-05-09T10:29:21.185Z</time>
      </trkpt>
      <trkpt lat="51.3352" lon="-1.288695">
        <ele>150.409891</ele>
        <time>2026-05-09T10:29:27.178Z</time>
      </trkpt>
      <trkpt lat="51.335209" lon="-1.288857">
        <ele>150.51588</ele>
        <time>2026-05-09T10:29:35.191Z</time>
      </trkpt>
      <trkpt lat="51.335209" lon="-1.289016">
        <ele>150.619497</ele>
        <time>2026-05-09T10:29:42.189Z</time>
      </trkpt>
      <trkpt lat="51.335227" lon="-1.289158">
        <ele>150.713922</ele>
        <time>2026-05-09T10:29:48.200Z</time>
      </trkpt>
      <trkpt lat="51.335242" lon="-1.289302">
        <ele>150.809059</ele>
        <time>2026-05-09T10:29:54.191Z</time>
      </trkpt>
      <trkpt lat="51.335256" lon="-1.28946">
        <ele>150.913056</ele>
        <time>2026-05-09T10:30:01.197Z</time>
      </trkpt>
      <trkpt lat="51.33526" lon="-1.289625">
        <ele>151.020664</ele>
        <time>2026-05-09T10:30:07.190Z</time>
      </trkpt>
      <trkpt lat="51.335291" lon="-1.289772">
        <ele>151.121771</ele>
        <time>2026-05-09T10:30:13.195Z</time>
      </trkpt>
      <trkpt lat="51.335315" lon="-1.289931">
        <ele>151.22837</ele>
        <time>2026-05-09T10:30:20.190Z</time>
      </trkpt>
      <trkpt lat="51.335331" lon="-1.290089">
        <ele>151.332679</ele>
        <time>2026-05-09T10:30:27.198Z</time>
      </trkpt>
      <trkpt lat="51.335342" lon="-1.290236">
        <ele>151.429161</ele>
        <time>2026-05-09T10:30:33.194Z</time>
      </trkpt>
      <trkpt lat="51.335358" lon="-1.290378">
        <ele>151.523193</ele>
        <time>2026-05-09T10:30:39.184Z</time>
      </trkpt>
      <trkpt lat="51.335352" lon="-1.29053">
        <ele>151.764629</ele>
        <time>2026-05-09T10:30:46.204Z</time>
      </trkpt>
      <trkpt lat="51.335363" lon="-1.290695">
        <ele>152.089576</ele>
        <time>2026-05-09T10:30:53.196Z</time>
      </trkpt>
      <trkpt lat="51.335376" lon="-1.290849">
        <ele>152.393889</ele>
        <time>2026-05-09T10:31:00.202Z</time>
      </trkpt>
      <trkpt lat="51.335379" lon="-1.291015">
        <ele>152.719096</ele>
        <time>2026-05-09T10:31:07.156Z</time>
      </trkpt>
      <trkpt lat="51.335379" lon="-1.291176">
        <ele>153.034376</ele>
        <time>2026-05-09T10:31:14.190Z</time>
      </trkpt>
      <trkpt lat="51.335378" lon="-1.291322">
        <ele>153.320299</ele>
        <time>2026-05-09T10:31:20.179Z</time>
      </trkpt>
      <trkpt lat="51.335373" lon="-1.29148">
        <ele>153.630101</ele>
        <time>2026-05-09T10:31:27.180Z</time>
      </trkpt>
      <trkpt lat="51.335375" lon="-1.29163">
        <ele>153.923907</ele>
        <time>2026-05-09T10:31:33.190Z</time>
      </trkpt>
      <trkpt lat="51.335381" lon="-1.29178">
        <ele>154.218247</ele>
        <time>2026-05-09T10:31:40.190Z</time>
      </trkpt>
      <trkpt lat="51.335384" lon="-1.291937">
        <ele>154.525838</ele>
        <time>2026-05-09T10:31:47.184Z</time>
      </trkpt>
      <trkpt lat="51.335382" lon="-1.292097">
        <ele>154.839222</ele>
        <time>2026-05-09T10:31:53.190Z</time>
      </trkpt>
      <trkpt lat="51.335385" lon="-1.292262">
        <ele>155.162472</ele>
        <time>2026-05-09T10:31:59.201Z</time>
      </trkpt>
      <trkpt lat="51.335386" lon="-1.292423">
        <ele>155.477767</ele>
        <time>2026-05-09T10:32:06.197Z</time>
      </trkpt>
      <trkpt lat="51.335396" lon="-1.292571">
        <ele>155.769279</ele>
        <time>2026-05-09T10:32:12.194Z</time>
      </trkpt>
      <trkpt lat="51.335409" lon="-1.292721">
        <ele>156.065831</ele>
        <time>2026-05-09T10:32:18.211Z</time>
      </trkpt>
      <trkpt lat="51.335405" lon="-1.292869">
        <ele>156.355924</ele>
        <time>2026-05-09T10:32:25.194Z</time>
      </trkpt>
      <trkpt lat="51.335412" lon="-1.293013">
        <ele>156.638766</ele>
        <time>2026-05-09T10:32:32.212Z</time>
      </trkpt>
      <trkpt lat="51.335417" lon="-1.29318">
        <ele>156.96617</ele>
        <time>2026-05-09T10:32:40.200Z</time>
      </trkpt>
      <trkpt lat="51.33542" lon="-1.293341">
        <ele>157.212311</ele>
        <time>2026-05-09T10:32:47.187Z</time>
      </trkpt>
      <trkpt lat="51.335409" lon="-1.2935">
        <ele>157.290607</ele>
        <time>2026-05-09T10:32:53.177Z</time>
      </trkpt>
      <trkpt lat="51.335412" lon="-1.293655">
        <ele>157.366507</ele>
        <time>2026-05-09T10:33:00.193Z</time>
      </trkpt>
      <trkpt lat="51.335417" lon="-1.293811">
        <ele>157.442959</ele>
        <time>2026-05-09T10:33:08.183Z</time>
      </trkpt>
      <trkpt lat="51.335422" lon="-1.293955">
        <ele>157.513547</ele>
        <time>2026-05-09T10:33:14.194Z</time>
      </trkpt>
      <trkpt lat="51.335418" lon="-1.29412">
        <ele>157.594365</ele>
        <time>2026-05-09T10:33:21.183Z</time>
      </trkpt>
      <trkpt lat="51.33543" lon="-1.294282">
        <ele>157.674209</ele>
        <time>2026-05-09T10:33:28.187Z</time>
      </trkpt>
      <trkpt lat="51.335451" lon="-1.294427">
        <ele>157.74706</ele>
        <time>2026-05-09T10:33:35.188Z</time>
      </trkpt>
      <trkpt lat="51.335456" lon="-1.294601">
        <ele>157.832312</ele>
        <time>2026-05-09T10:33:42.198Z</time>
      </trkpt>
      <trkpt lat="51.33547" lon="-1.294748">
        <ele>157.90509</ele>
        <time>2026-05-09T10:33:48.207Z</time>
      </trkpt>
      <trkpt lat="51.335458" lon="-1.294902">
        <ele>157.981047</ele>
        <time>2026-05-09T10:33:55.186Z</time>
      </trkpt>
      <trkpt lat="51.335471" lon="-1.295058">
        <ele>158.058076</ele>
        <time>2026-05-09T10:34:01.194Z</time>
      </trkpt>
      <trkpt lat="51.335492" lon="-1.295216">
        <ele>158.137137</ele>
        <time>2026-05-09T10:34:08.211Z</time>
      </trkpt>
      <trkpt lat="51.335517" lon="-1.295382">
        <ele>158.220711</ele>
        <time>2026-05-09T10:34:16.201Z</time>
      </trkpt>
      <trkpt lat="51.335563" lon="-1.295526">
        <ele>158.299868</ele>
        <time>2026-05-09T10:34:24.188Z</time>
      </trkpt>
      <trkpt lat="51.335584" lon="-1.295667">
        <ele>158.370813</ele>
        <time>2026-05-09T10:34:30.181Z</time>
      </trkpt>
      <trkpt lat="51.335598" lon="-1.295821">
        <ele>158.44698</ele>
        <time>2026-05-09T10:34:36.203Z</time>
      </trkpt>
      <trkpt lat="51.335592" lon="-1.295968">
        <ele>158.51908</ele>
        <time>2026-05-09T10:34:42.193Z</time>
      </trkpt>
      <trkpt lat="51.335587" lon="-1.296117">
        <ele>158.592111</ele>
        <time>2026-05-09T10:34:47.194Z</time>
      </trkpt>
      <trkpt lat="51.335575" lon="-1.29628">
        <ele>158.77531</ele>
        <time>2026-05-09T10:34:54.181Z</time>
      </trkpt>
      <trkpt lat="51.335517" lon="-1.296411">
        <ele>158.962905</ele>
        <time>2026-05-09T10:35:01.230Z</time>
      </trkpt>
      <trkpt lat="51.335431" lon="-1.296496">
        <ele>159.151928</ele>
        <time>2026-05-09T10:35:08.191Z</time>
      </trkpt>
      <trkpt lat="51.335341" lon="-1.296568">
        <ele>159.340091</ele>
        <time>2026-05-09T10:35:15.198Z</time>
      </trkpt>
      <trkpt lat="51.335247" lon="-1.296631">
        <ele>159.530672</ele>
        <time>2026-05-09T10:35:21.194Z</time>
      </trkpt>
      <trkpt lat="51.335166" lon="-1.296695">
        <ele>159.699604</ele>
        <time>2026-05-09T10:35:27.185Z</time>
      </trkpt>
      <trkpt lat="51.335077" lon="-1.296789">
        <ele>159.899016</ele>
        <time>2026-05-09T10:35:34.196Z</time>
      </trkpt>
      <trkpt lat="51.334991" lon="-1.296845">
        <ele>160.072647</ele>
        <time>2026-05-09T10:35:40.202Z</time>
      </trkpt>
      <trkpt lat="51.334902" lon="-1.296906">
        <ele>160.253706</ele>
        <time>2026-05-09T10:35:46.199Z</time>
      </trkpt>
      <trkpt lat="51.334812" lon="-1.296986">
        <ele>160.44623</ele>
        <time>2026-05-09T10:35:53.200Z</time>
      </trkpt>
      <trkpt lat="51.334718" lon="-1.297057">
        <ele>160.640613</ele>
        <time>2026-05-09T10:36:00.188Z</time>
      </trkpt>
      <trkpt lat="51.334628" lon="-1.297108">
        <ele>160.819162</ele>
        <time>2026-05-09T10:36:06.205Z</time>
      </trkpt>
      <trkpt lat="51.334532" lon="-1.297167">
        <ele>161.011474</ele>
        <time>2026-05-09T10:36:13.190Z</time>
      </trkpt>
      <trkpt lat="51.334445" lon="-1.29722">
        <ele>161.185561</ele>
        <time>2026-05-09T10:36:19.204Z</time>
      </trkpt>
      <trkpt lat="51.334357" lon="-1.297263">
        <ele>161.357631</ele>
        <time>2026-05-09T10:36:25.205Z</time>
      </trkpt>
      <trkpt lat="51.334257" lon="-1.297315">
        <ele>161.554266</ele>
        <time>2026-05-09T10:36:33.231Z</time>
      </trkpt>
      <trkpt lat="51.334155" lon="-1.297318">
        <ele>161.745051</ele>
        <time>2026-05-09T10:36:39.201Z</time>
      </trkpt>
      <trkpt lat="51.334064" lon="-1.297346">
        <ele>161.918349</ele>
        <time>2026-05-09T10:36:45.242Z</time>
      </trkpt>
      <trkpt lat="51.333968" lon="-1.297363">
        <ele>162.302333</ele>
        <time>2026-05-09T10:36:51.198Z</time>
      </trkpt>
      <trkpt lat="51.333873" lon="-1.297375">
        <ele>162.745085</ele>
        <time>2026-05-09T10:36:57.216Z</time>
      </trkpt>
      <trkpt lat="51.333775" lon="-1.297375">
        <ele>163.200403</ele>
        <time>2026-05-09T10:37:03.174Z</time>
      </trkpt>
      <trkpt lat="51.33368" lon="-1.297355">
        <ele>163.645585</ele>
        <time>2026-05-09T10:37:09.162Z</time>
      </trkpt>
      <trkpt lat="51.333595" lon="-1.297424">
        <ele>164.088392</ele>
        <time>2026-05-09T10:37:17.189Z</time>
      </trkpt>
      <trkpt lat="51.333503" lon="-1.297435">
        <ele>164.517025</ele>
        <time>2026-05-09T10:37:24.202Z</time>
      </trkpt>
      <trkpt lat="51.333392" lon="-1.297446">
        <ele>165.033729</ele>
        <time>2026-05-09T10:37:31.205Z</time>
      </trkpt>
      <trkpt lat="51.333303" lon="-1.297458">
        <ele>165.448697</ele>
        <time>2026-05-09T10:37:37.204Z</time>
      </trkpt>
      <trkpt lat="51.333204" lon="-1.297492">
        <ele>165.919131</ele>
        <time>2026-05-09T10:37:44.201Z</time>
      </trkpt>
      <trkpt lat="51.333112" lon="-1.297523">
        <ele>166.355942</ele>
        <time>2026-05-09T10:37:49.201Z</time>
      </trkpt>
      <trkpt lat="51.333025" lon="-1.297562">
        <ele>166.775708</ele>
        <time>2026-05-09T10:37:56.212Z</time>
      </trkpt>
      <trkpt lat="51.332939" lon="-1.297662">
        <ele>167.269588</ele>
        <time>2026-05-09T10:38:02.200Z</time>
      </trkpt>
      <trkpt lat="51.332853" lon="-1.297748">
        <ele>167.74073</ele>
        <time>2026-05-09T10:38:08.205Z</time>
      </trkpt>
      <trkpt lat="51.332782" lon="-1.297847">
        <ele>168.17823</ele>
        <time>2026-05-09T10:38:15.200Z</time>
      </trkpt>
      <trkpt lat="51.332713" lon="-1.297953">
        <ele>168.622588</ele>
        <time>2026-05-09T10:38:22.212Z</time>
      </trkpt>
      <trkpt lat="51.332632" lon="-1.298023">
        <ele>169.050277</ele>
        <time>2026-05-09T10:38:28.193Z</time>
      </trkpt>
      <trkpt lat="51.332551" lon="-1.298117">
        <ele>169.515127</ele>
        <time>2026-05-09T10:38:35.204Z</time>
      </trkpt>
      <trkpt lat="51.332474" lon="-1.298212">
        <ele>169.966831</ele>
        <time>2026-05-09T10:38:43.219Z</time>
      </trkpt>
      <trkpt lat="51.332387" lon="-1.298321">
        <ele>170.595036</ele>
        <time>2026-05-09T10:38:50.227Z</time>
      </trkpt>
      <trkpt lat="51.332304" lon="-1.298395">
        <ele>171.350449</ele>
        <time>2026-05-09T10:38:57.199Z</time>
      </trkpt>
      <trkpt lat="51.332243" lon="-1.298509">
        <ele>172.096076</ele>
        <time>2026-05-09T10:39:03.193Z</time>
      </trkpt>
      <trkpt lat="51.332158" lon="-1.298601">
        <ele>172.911939</ele>
        <time>2026-05-09T10:39:10.220Z</time>
      </trkpt>
      <trkpt lat="51.332077" lon="-1.298668">
        <ele>173.636892</ele>
        <time>2026-05-09T10:39:16.218Z</time>
      </trkpt>
      <trkpt lat="51.332006" lon="-1.29878">
        <ele>174.429518</ele>
        <time>2026-05-09T10:39:22.190Z</time>
      </trkpt>
      <trkpt lat="51.331913" lon="-1.298854">
        <ele>175.255299</ele>
        <time>2026-05-09T10:39:29.202Z</time>
      </trkpt>
      <trkpt lat="51.331822" lon="-1.298944">
        <ele>176.105834</ele>
        <time>2026-05-09T10:39:36.188Z</time>
      </trkpt>
      <trkpt lat="51.33174" lon="-1.299027">
        <ele>176.877257</ele>
        <time>2026-05-09T10:39:43.195Z</time>
      </trkpt>
      <trkpt lat="51.331662" lon="-1.2991">
        <ele>177.595682</ele>
        <time>2026-05-09T10:39:49.193Z</time>
      </trkpt>
      <trkpt lat="51.331574" lon="-1.299167">
        <ele>178.370501</ele>
        <time>2026-05-09T10:39:56.196Z</time>
      </trkpt>
      <trkpt lat="51.331485" lon="-1.299217">
        <ele>179.120466</ele>
        <time>2026-05-09T10:40:04.224Z</time>
      </trkpt>
      <trkpt lat="51.331398" lon="-1.299273">
        <ele>179.866048</ele>
        <time>2026-05-09T10:40:11.200Z</time>
      </trkpt>
      <trkpt lat="51.331308" lon="-1.299298">
        <ele>180.592332</ele>
        <time>2026-05-09T10:40:18.194Z</time>
      </trkpt>
      <trkpt lat="51.331213" lon="-1.299304">
        <ele>181.348262</ele>
        <time>2026-05-09T10:40:26.212Z</time>
      </trkpt>
      <trkpt lat="51.331123" lon="-1.29933">
        <ele>182.075412</ele>
        <time>2026-05-09T10:40:33.203Z</time>
      </trkpt>
      <trkpt lat="51.331024" lon="-1.299353">
        <ele>182.870808</ele>
        <time>2026-05-09T10:40:40.204Z</time>
      </trkpt>
      <trkpt lat="51.33093" lon="-1.299368">
        <ele>183.621904</ele>
        <time>2026-05-09T10:40:48.179Z</time>
      </trkpt>
      <trkpt lat="51.33084" lon="-1.299399">
        <ele>184.353876</ele>
        <time>2026-05-09T10:40:56.185Z</time>
      </trkpt>
      <trkpt lat="51.330751" lon="-1.299409">
        <ele>184.684216</ele>
        <time>2026-05-09T10:41:03.193Z</time>
      </trkpt>
      <trkpt lat="51.330657" lon="-1.29947">
        <ele>184.801669</ele>
        <time>2026-05-09T10:41:10.189Z</time>
      </trkpt>
      <trkpt lat="51.33057" lon="-1.299522">
        <ele>184.909205</ele>
        <time>2026-05-09T10:41:17.186Z</time>
      </trkpt>
      <trkpt lat="51.330476" lon="-1.299579">
        <ele>185.025601</ele>
        <time>2026-05-09T10:41:24.198Z</time>
      </trkpt>
      <trkpt lat="51.330386" lon="-1.299643">
        <ele>185.139638</ele>
        <time>2026-05-09T10:41:31.165Z</time>
      </trkpt>
      <trkpt lat="51.330289" lon="-1.299693">
        <ele>185.25764</ele>
        <time>2026-05-09T10:41:38.181Z</time>
      </trkpt>
      <trkpt lat="51.330194" lon="-1.299738">
        <ele>185.37236</ele>
        <time>2026-05-09T10:41:45.207Z</time>
      </trkpt>
      <trkpt lat="51.330104" lon="-1.299783">
        <ele>185.481541</ele>
        <time>2026-05-09T10:41:51.200Z</time>
      </trkpt>
      <trkpt lat="51.330008" lon="-1.299829">
        <ele>185.597578</ele>
        <time>2026-05-09T10:41:58.206Z</time>
      </trkpt>
      <trkpt lat="51.329918" lon="-1.299877">
        <ele>185.707426</ele>
        <time>2026-05-09T10:42:05.213Z</time>
      </trkpt>
      <trkpt lat="51.329825" lon="-1.299923">
        <ele>185.820139</ele>
        <time>2026-05-09T10:42:12.205Z</time>
      </trkpt>
      <trkpt lat="51.329733" lon="-1.299958">
        <ele>185.929637</ele>
        <time>2026-05-09T10:42:18.202Z</time>
      </trkpt>
      <trkpt lat="51.32964" lon="-1.299978">
        <ele>186.038292</ele>
        <time>2026-05-09T10:42:24.192Z</time>
      </trkpt>
      <trkpt lat="51.329537" lon="-1.30001">
        <ele>186.159785</ele>
        <time>2026-05-09T10:42:32.222Z</time>
      </trkpt>
      <trkpt lat="51.329446" lon="-1.300057">
        <ele>186.270508</ele>
        <time>2026-05-09T10:42:39.208Z</time>
      </trkpt>
      <trkpt lat="51.32936" lon="-1.300105">
        <ele>186.375972</ele>
        <time>2026-05-09T10:42:46.200Z</time>
      </trkpt>
      <trkpt lat="51.329263" lon="-1.300161">
        <ele>186.495376</ele>
        <time>2026-05-09T10:42:53.233Z</time>
      </trkpt>
      <trkpt lat="51.329171" lon="-1.300219">
        <ele>186.609873</ele>
        <time>2026-05-09T10:43:00.209Z</time>
      </trkpt>
      <trkpt lat="51.329085" lon="-1.300301">
        <ele>186.638233</ele>
        <time>2026-05-09T10:43:07.222Z</time>
      </trkpt>
      <trkpt lat="51.329002" lon="-1.300403">
        <ele>186.307556</ele>
        <time>2026-05-09T10:43:14.199Z</time>
      </trkpt>
      <trkpt lat="51.328926" lon="-1.300505">
        <ele>185.994133</ele>
        <time>2026-05-09T10:43:21.190Z</time>
      </trkpt>
      <trkpt lat="51.328866" lon="-1.300633">
        <ele>185.67819</ele>
        <time>2026-05-09T10:43:28.237Z</time>
      </trkpt>
      <trkpt lat="51.328803" lon="-1.300762">
        <ele>185.354916</ele>
        <time>2026-05-09T10:43:35.226Z</time>
      </trkpt>
      <trkpt lat="51.328749" lon="-1.300895">
        <ele>185.041741</ele>
        <time>2026-05-09T10:43:42.213Z</time>
      </trkpt>
      <trkpt lat="51.328705" lon="-1.301028">
        <ele>184.7446</ele>
        <time>2026-05-09T10:43:48.217Z</time>
      </trkpt>
      <trkpt lat="51.328657" lon="-1.301153">
        <ele>184.45491</ele>
        <time>2026-05-09T10:43:54.242Z</time>
      </trkpt>
      <trkpt lat="51.328614" lon="-1.301287">
        <ele>184.157478</ele>
        <time>2026-05-09T10:44:00.218Z</time>
      </trkpt>
      <trkpt lat="51.328575" lon="-1.301438">
        <ele>183.834866</ele>
        <time>2026-05-09T10:44:07.198Z</time>
      </trkpt>
      <trkpt lat="51.32853" lon="-1.301572">
        <ele>183.534494</ele>
        <time>2026-05-09T10:44:14.214Z</time>
      </trkpt>
      <trkpt lat="51.328494" lon="-1.301724">
        <ele>183.213537</ele>
        <time>2026-05-09T10:44:21.212Z</time>
      </trkpt>
      <trkpt lat="51.328459" lon="-1.30186">
        <ele>182.923122</ele>
        <time>2026-05-09T10:44:27.204Z</time>
      </trkpt>
      <trkpt lat="51.328418" lon="-1.302009">
        <ele>182.60166</ele>
        <time>2026-05-09T10:44:34.205Z</time>
      </trkpt>
      <trkpt lat="51.328382" lon="-1.302157">
        <ele>182.288074</ele>
        <time>2026-05-09T10:44:41.220Z</time>
      </trkpt>
      <trkpt lat="51.328342" lon="-1.302309">
        <ele>181.962421</ele>
        <time>2026-05-09T10:44:48.210Z</time>
      </trkpt>
      <trkpt lat="51.328311" lon="-1.302468">
        <ele>181.633549</ele>
        <time>2026-05-09T10:44:56.208Z</time>
      </trkpt>
      <trkpt lat="51.32828" lon="-1.302604">
        <ele>181.347708</ele>
        <time>2026-05-09T10:45:02.205Z</time>
      </trkpt>
      <trkpt lat="51.32825" lon="-1.302755">
        <ele>181.034851</ele>
        <time>2026-05-09T10:45:09.202Z</time>
      </trkpt>
      <trkpt lat="51.328208" lon="-1.302896">
        <ele>180.348257</ele>
        <time>2026-05-09T10:45:16.211Z</time>
      </trkpt>
      <trkpt lat="51.328154" lon="-1.303014">
        <ele>179.685846</ele>
        <time>2026-05-09T10:45:22.211Z</time>
      </trkpt>
      <trkpt lat="51.328094" lon="-1.303142">
        <ele>178.961152</ele>
        <time>2026-05-09T10:45:29.209Z</time>
      </trkpt>
      <trkpt lat="51.328011" lon="-1.303208">
        <ele>178.2894</ele>
        <time>2026-05-09T10:45:35.229Z</time>
      </trkpt>
      <trkpt lat="51.32792" lon="-1.303255">
        <ele>177.596336</ele>
        <time>2026-05-09T10:45:41.205Z</time>
      </trkpt>
      <trkpt lat="51.327835" lon="-1.30334">
        <ele>176.869872</ele>
        <time>2026-05-09T10:45:48.211Z</time>
      </trkpt>
      <trkpt lat="51.327749" lon="-1.303421">
        <ele>176.146605</ele>
        <time>2026-05-09T10:45:55.218Z</time>
      </trkpt>
      <trkpt lat="51.327662" lon="-1.303476">
        <ele>175.468614</ele>
        <time>2026-05-09T10:46:01.209Z</time>
      </trkpt>
      <trkpt lat="51.327589" lon="-1.303585">
        <ele>174.744975</ele>
        <time>2026-05-09T10:46:12.212Z</time>
      </trkpt>
      <trkpt lat="51.327517" lon="-1.303699">
        <ele>174.010872</ele>
        <time>2026-05-09T10:46:19.201Z</time>
      </trkpt>
      <trkpt lat="51.327442" lon="-1.303792">
        <ele>173.323188</ele>
        <time>2026-05-09T10:46:25.199Z</time>
      </trkpt>
      <trkpt lat="51.327378" lon="-1.303916">
        <ele>172.594785</ele>
        <time>2026-05-09T10:46:32.225Z</time>
      </trkpt>
      <trkpt lat="51.327297" lon="-1.30401">
        <ele>171.869583</ele>
        <time>2026-05-09T10:46:38.211Z</time>
      </trkpt>
      <trkpt lat="51.32721" lon="-1.304093">
        <ele>171.135462</ele>
        <time>2026-05-09T10:46:46.211Z</time>
      </trkpt>
      <trkpt lat="51.327118" lon="-1.304161">
        <ele>170.400962</ele>
        <time>2026-05-09T10:46:52.203Z</time>
      </trkpt>
      <trkpt lat="51.327026" lon="-1.304213">
        <ele>169.693779</ele>
        <time>2026-05-09T10:46:59.212Z</time>
      </trkpt>
      <trkpt lat="51.326927" lon="-1.304249">
        <ele>168.957938</ele>
        <time>2026-05-09T10:47:06.220Z</time>
      </trkpt>
      <trkpt lat="51.326828" lon="-1.304281">
        <ele>168.225898</ele>
        <time>2026-05-09T10:47:13.230Z</time>
      </trkpt>
      <trkpt lat="51.326734" lon="-1.304307">
        <ele>167.923717</ele>
        <time>2026-05-09T10:47:20.201Z</time>
      </trkpt>
      <trkpt lat="51.326636" lon="-1.30431">
        <ele>167.830898</ele>
        <time>2026-05-09T10:47:27.218Z</time>
      </trkpt>
      <trkpt lat="51.326535" lon="-1.304308">
        <ele>167.735248</ele>
        <time>2026-05-09T10:47:34.242Z</time>
      </trkpt>
      <trkpt lat="51.326443" lon="-1.304295">
        <ele>167.647789</ele>
        <time>2026-05-09T10:47:40.230Z</time>
      </trkpt>
      <trkpt lat="51.326353" lon="-1.304295">
        <ele>167.562563</ele>
        <time>2026-05-09T10:47:46.204Z</time>
      </trkpt>
      <trkpt lat="51.326257" lon="-1.304284">
        <ele>167.471422</ele>
        <time>2026-05-09T10:47:53.233Z</time>
      </trkpt>
      <trkpt lat="51.326155" lon="-1.30429">
        <ele>167.374767</ele>
        <time>2026-05-09T10:48:00.226Z</time>
      </trkpt>
      <trkpt lat="51.326048" lon="-1.304272">
        <ele>167.272884</ele>
        <time>2026-05-09T10:48:07.224Z</time>
      </trkpt>
      <trkpt lat="51.325949" lon="-1.304258">
        <ele>167.17877</ele>
        <time>2026-05-09T10:48:14.215Z</time>
      </trkpt>
      <trkpt lat="51.325849" lon="-1.304243">
        <ele>167.083659</ele>
        <time>2026-05-09T10:48:20.228Z</time>
      </trkpt>
      <trkpt lat="51.325755" lon="-1.304241">
        <ele>166.994637</ele>
        <time>2026-05-09T10:48:27.200Z</time>
      </trkpt>
      <trkpt lat="51.325656" lon="-1.304238">
        <ele>166.900871</ele>
        <time>2026-05-09T10:48:34.219Z</time>
      </trkpt>
      <trkpt lat="51.325554" lon="-1.304229">
        <ele>166.804135</ele>
        <time>2026-05-09T10:48:41.219Z</time>
      </trkpt>
      <trkpt lat="51.325463" lon="-1.30423">
        <ele>166.717959</ele>
        <time>2026-05-09T10:48:47.208Z</time>
      </trkpt>
      <trkpt lat="51.32537" lon="-1.304238">
        <ele>166.629765</ele>
        <time>2026-05-09T10:48:53.229Z</time>
      </trkpt>
      <trkpt lat="51.325276" lon="-1.304242">
        <ele>166.540719</ele>
        <time>2026-05-09T10:49:00.225Z</time>
      </trkpt>
      <trkpt lat="51.325175" lon="-1.304246">
        <ele>166.445047</ele>
        <time>2026-05-09T10:49:07.218Z</time>
      </trkpt>
      <trkpt lat="51.325084" lon="-1.304244">
        <ele>166.358866</ele>
        <time>2026-05-09T10:49:13.221Z</time>
      </trkpt>
      <trkpt lat="51.324991" lon="-1.304241">
        <ele>166.305849</ele>
        <time>2026-05-09T10:49:20.205Z</time>
      </trkpt>
      <trkpt lat="51.324892" lon="-1.304255">
        <ele>166.614628</ele>
        <time>2026-05-09T10:49:27.216Z</time>
      </trkpt>
      <trkpt lat="51.324796" lon="-1.3043">
        <ele>166.92542</ele>
        <time>2026-05-09T10:49:34.216Z</time>
      </trkpt>
      <trkpt lat="51.324702" lon="-1.304361">
        <ele>167.240566</ele>
        <time>2026-05-09T10:49:41.202Z</time>
      </trkpt>
      <trkpt lat="51.324628" lon="-1.304462">
        <ele>167.542741</ele>
        <time>2026-05-09T10:49:48.206Z</time>
      </trkpt>
      <trkpt lat="51.324577" lon="-1.304588">
        <ele>167.834204</ele>
        <time>2026-05-09T10:49:55.208Z</time>
      </trkpt>
      <trkpt lat="51.324523" lon="-1.304727">
        <ele>168.151972</ele>
        <time>2026-05-09T10:50:02.219Z</time>
      </trkpt>
      <trkpt lat="51.32447" lon="-1.304866">
        <ele>168.468112</ele>
        <time>2026-05-09T10:50:09.201Z</time>
      </trkpt>
      <trkpt lat="51.324423" lon="-1.305005">
        <ele>168.774955</ele>
        <time>2026-05-09T10:50:16.220Z</time>
      </trkpt>
      <trkpt lat="51.32436" lon="-1.305131">
        <ele>169.088253</ele>
        <time>2026-05-09T10:50:23.205Z</time>
      </trkpt>
      <trkpt lat="51.324307" lon="-1.305266">
        <ele>169.397791</ele>
        <time>2026-05-09T10:50:30.204Z</time>
      </trkpt>
      <trkpt lat="51.324245" lon="-1.305387">
        <ele>169.70159</ele>
        <time>2026-05-09T10:50:37.226Z</time>
      </trkpt>
      <trkpt lat="51.324203" lon="-1.305527">
        <ele>170.003103</ele>
        <time>2026-05-09T10:50:44.248Z</time>
      </trkpt>
      <trkpt lat="51.324128" lon="-1.305636">
        <ele>170.317875</ele>
        <time>2026-05-09T10:50:51.205Z</time>
      </trkpt>
      <trkpt lat="51.324065" lon="-1.305757">
        <ele>170.623655</ele>
        <time>2026-05-09T10:50:58.222Z</time>
      </trkpt>
      <trkpt lat="51.324002" lon="-1.305893">
        <ele>170.952339</ele>
        <time>2026-05-09T10:51:07.187Z</time>
      </trkpt>
      <trkpt lat="51.32395" lon="-1.306013">
        <ele>171.235856</ele>
        <time>2026-05-09T10:51:13.193Z</time>
      </trkpt>
      <trkpt lat="51.323902" lon="-1.306159">
        <ele>171.556156</ele>
        <time>2026-05-09T10:51:20.194Z</time>
      </trkpt>
      <trkpt lat="51.323848" lon="-1.30628">
        <ele>171.844838</ele>
        <time>2026-05-09T10:51:26.191Z</time>
      </trkpt>
      <trkpt lat="51.323789" lon="-1.30641">
        <ele>172.094637</ele>
        <time>2026-05-09T10:51:34.194Z</time>
      </trkpt>
      <trkpt lat="51.323735" lon="-1.306545">
        <ele>172.339076</ele>
        <time>2026-05-09T10:51:41.194Z</time>
      </trkpt>
      <trkpt lat="51.323669" lon="-1.306654">
        <ele>172.570533</ele>
        <time>2026-05-09T10:51:48.194Z</time>
      </trkpt>
      <trkpt lat="51.323579" lon="-1.306897">
        <ele>173.001306</ele>
        <time>2026-05-09T10:52:51.209Z</time>
      </trkpt>
      <trkpt lat="51.323536" lon="-1.307032">
        <ele>173.232383</ele>
        <time>2026-05-09T10:52:57.238Z</time>
      </trkpt>
      <trkpt lat="51.323488" lon="-1.307162">
        <ele>173.462654</ele>
        <time>2026-05-09T10:53:03.221Z</time>
      </trkpt>
      <trkpt lat="51.323435" lon="-1.307296">
        <ele>173.704497</ele>
        <time>2026-05-09T10:53:09.244Z</time>
      </trkpt>
      <trkpt lat="51.323389" lon="-1.307437">
        <ele>173.947063</ele>
        <time>2026-05-09T10:53:16.236Z</time>
      </trkpt>
      <trkpt lat="51.323333" lon="-1.307567">
        <ele>174.187853</ele>
        <time>2026-05-09T10:53:22.214Z</time>
      </trkpt>
      <trkpt lat="51.323278" lon="-1.307711">
        <ele>174.445225</ele>
        <time>2026-05-09T10:53:29.224Z</time>
      </trkpt>
      <trkpt lat="51.323236" lon="-1.307851">
        <ele>174.682056</ele>
        <time>2026-05-09T10:53:36.204Z</time>
      </trkpt>
      <trkpt lat="51.323191" lon="-1.307994">
        <ele>174.926223</ele>
        <time>2026-05-09T10:53:43.228Z</time>
      </trkpt>
      <trkpt lat="51.323152" lon="-1.308134">
        <ele>175.159979</ele>
        <time>2026-05-09T10:53:50.219Z</time>
      </trkpt>
      <trkpt lat="51.323117" lon="-1.308286">
        <ele>175.407019</ele>
        <time>2026-05-09T10:53:57.208Z</time>
      </trkpt>
      <trkpt lat="51.323079" lon="-1.308426">
        <ele>175.639792</ele>
        <time>2026-05-09T10:54:03.226Z</time>
      </trkpt>
      <trkpt lat="51.323056" lon="-1.308579">
        <ele>175.879778</ele>
        <time>2026-05-09T10:54:10.251Z</time>
      </trkpt>
      <trkpt lat="51.323038" lon="-1.308721">
        <ele>176.100743</ele>
        <time>2026-05-09T10:54:16.223Z</time>
      </trkpt>
      <trkpt lat="51.323012" lon="-1.308873">
        <ele>176.382643</ele>
        <time>2026-05-09T10:54:23.237Z</time>
      </trkpt>
      <trkpt lat="51.322997" lon="-1.309032">
        <ele>176.748274</ele>
        <time>2026-05-09T10:54:30.212Z</time>
      </trkpt>
      <trkpt lat="51.322977" lon="-1.309195">
        <ele>177.125982</ele>
        <time>2026-05-09T10:54:37.217Z</time>
      </trkpt>
      <trkpt lat="51.32296" lon="-1.309356">
        <ele>177.497254</ele>
        <time>2026-05-09T10:54:44.222Z</time>
      </trkpt>
      <trkpt lat="51.32294" lon="-1.309512">
        <ele>177.859356</ele>
        <time>2026-05-09T10:54:51.227Z</time>
      </trkpt>
      <trkpt lat="51.32292" lon="-1.309653">
        <ele>178.188119</ele>
        <time>2026-05-09T10:54:57.222Z</time>
      </trkpt>
      <trkpt lat="51.322903" lon="-1.309808">
        <ele>178.545946</ele>
        <time>2026-05-09T10:55:04.218Z</time>
      </trkpt>
      <trkpt lat="51.322884" lon="-1.309968">
        <ele>178.916267</ele>
        <time>2026-05-09T10:55:11.207Z</time>
      </trkpt>
      <trkpt lat="51.322856" lon="-1.310109">
        <ele>179.252672</ele>
        <time>2026-05-09T10:55:17.202Z</time>
      </trkpt>
      <trkpt lat="51.322845" lon="-1.310266">
        <ele>179.611898</ele>
        <time>2026-05-09T10:55:24.260Z</time>
      </trkpt>
      <trkpt lat="51.32283" lon="-1.310424">
        <ele>179.975283</ele>
        <time>2026-05-09T10:55:31.239Z</time>
      </trkpt>
      <trkpt lat="51.322796" lon="-1.310575">
        <ele>180.340236</ele>
        <time>2026-05-09T10:55:38.224Z</time>
      </trkpt>
      <trkpt lat="51.322767" lon="-1.310729">
        <ele>180.705957</ele>
        <time>2026-05-09T10:55:45.208Z</time>
      </trkpt>
      <trkpt lat="51.322742" lon="-1.31087">
        <ele>181.03922</ele>
        <time>2026-05-09T10:55:52.234Z</time>
      </trkpt>
      <trkpt lat="51.322727" lon="-1.311028">
        <ele>181.402605</ele>
        <time>2026-05-09T10:55:59.248Z</time>
      </trkpt>
      <trkpt lat="51.3227" lon="-1.311184">
        <ele>181.770674</ele>
        <time>2026-05-09T10:56:06.176Z</time>
      </trkpt>
      <trkpt lat="51.32269" lon="-1.311347">
        <ele>182.143089</ele>
        <time>2026-05-09T10:56:13.219Z</time>
      </trkpt>
      <trkpt lat="51.322672" lon="-1.311496">
        <ele>182.488161</ele>
        <time>2026-05-09T10:56:20.228Z</time>
      </trkpt>
      <trkpt lat="51.322666" lon="-1.311641">
        <ele>182.818489</ele>
        <time>2026-05-09T10:56:26.214Z</time>
      </trkpt>
      <trkpt lat="51.322644" lon="-1.31179">
        <ele>183.164688</ele>
        <time>2026-05-09T10:56:33.237Z</time>
      </trkpt>
      <trkpt lat="51.322622" lon="-1.311936">
        <ele>183.504289</ele>
        <time>2026-05-09T10:56:40.228Z</time>
      </trkpt>
      <trkpt lat="51.322607" lon="-1.312084">
        <ele>183.843324</ele>
        <time>2026-05-09T10:56:46.235Z</time>
      </trkpt>
      <trkpt lat="51.322586" lon="-1.312241">
        <ele>184.206378</ele>
        <time>2026-05-09T10:56:53.206Z</time>
      </trkpt>
      <trkpt lat="51.322565" lon="-1.312402">
        <ele>184.578281</ele>
        <time>2026-05-09T10:57:00.224Z</time>
      </trkpt>
      <trkpt lat="51.322543" lon="-1.312559">
        <ele>184.94211</ele>
        <time>2026-05-09T10:57:07.221Z</time>
      </trkpt>
      <trkpt lat="51.322524" lon="-1.312722">
        <ele>185.317048</ele>
        <time>2026-05-09T10:57:14.239Z</time>
      </trkpt>
      <trkpt lat="51.322505" lon="-1.312875">
        <ele>185.669781</ele>
        <time>2026-05-09T10:57:21.236Z</time>
      </trkpt>
      <trkpt lat="51.322489" lon="-1.313033">
        <ele>186.031717</ele>
        <time>2026-05-09T10:57:28.225Z</time>
      </trkpt>
      <trkpt lat="51.322471" lon="-1.313183">
        <ele>186.377099</ele>
        <time>2026-05-09T10:57:35.221Z</time>
      </trkpt>
      <trkpt lat="51.322455" lon="-1.313339">
        <ele>186.734571</ele>
        <time>2026-05-09T10:57:42.218Z</time>
      </trkpt>
      <trkpt lat="51.322448" lon="-1.313503">
        <ele>187.106278</ele>
        <time>2026-05-09T10:57:49.214Z</time>
      </trkpt>
      <trkpt lat="51.322428" lon="-1.313657">
        <ele>187.461949</ele>
        <time>2026-05-09T10:57:56.233Z</time>
      </trkpt>
      <trkpt lat="51.322413" lon="-1.313821">
        <ele>187.836743</ele>
        <time>2026-05-09T10:58:03.231Z</time>
      </trkpt>
      <trkpt lat="51.322406" lon="-1.313975">
        <ele>188.185893</ele>
        <time>2026-05-09T10:58:10.202Z</time>
      </trkpt>
      <trkpt lat="51.322385" lon="-1.314126">
        <ele>188.535693</ele>
        <time>2026-05-09T10:58:17.228Z</time>
      </trkpt>
      <trkpt lat="51.322387" lon="-1.314274">
        <ele>188.870435</ele>
        <time>2026-05-09T10:58:23.229Z</time>
      </trkpt>
      <trkpt lat="51.322368" lon="-1.31442">
        <ele>189.207659</ele>
        <time>2026-05-09T10:58:29.224Z</time>
      </trkpt>
      <trkpt lat="51.32234" lon="-1.314567">
        <ele>189.37556</ele>
        <time>2026-05-09T10:58:35.227Z</time>
      </trkpt>
      <trkpt lat="51.322319" lon="-1.314718">
        <ele>189.470249</ele>
        <time>2026-05-09T10:58:42.237Z</time>
      </trkpt>
      <trkpt lat="51.322299" lon="-1.314878">
        <ele>189.570125</ele>
        <time>2026-05-09T10:58:49.238Z</time>
      </trkpt>
      <trkpt lat="51.322285" lon="-1.315035">
        <ele>189.667198</ele>
        <time>2026-05-09T10:58:56.240Z</time>
      </trkpt>
      <trkpt lat="51.322266" lon="-1.315188">
        <ele>189.762681</ele>
        <time>2026-05-09T10:59:03.227Z</time>
      </trkpt>
      <trkpt lat="51.322251" lon="-1.315342">
        <ele>189.858083</ele>
        <time>2026-05-09T10:59:10.238Z</time>
      </trkpt>
      <trkpt lat="51.322238" lon="-1.315509">
        <ele>189.961094</ele>
        <time>2026-05-09T10:59:17.226Z</time>
      </trkpt>
      <trkpt lat="51.32221" lon="-1.315654">
        <ele>190.053989</ele>
        <time>2026-05-09T10:59:24.213Z</time>
      </trkpt>
      <trkpt lat="51.322188" lon="-1.31581">
        <ele>190.151879</ele>
        <time>2026-05-09T10:59:31.253Z</time>
      </trkpt>
      <trkpt lat="51.322153" lon="-1.315963">
        <ele>190.251608</ele>
        <time>2026-05-09T10:59:38.195Z</time>
      </trkpt>
      <trkpt lat="51.322095" lon="-1.316093">
        <ele>190.349379</ele>
        <time>2026-05-09T10:59:45.187Z</time>
      </trkpt>
      <trkpt lat="51.322007" lon="-1.316135">
        <ele>190.439323</ele>
        <time>2026-05-09T10:59:51.190Z</time>
      </trkpt>
      <trkpt lat="51.321903" lon="-1.31611">
        <ele>190.54233</ele>
        <time>2026-05-09T10:59:57.173Z</time>
      </trkpt>
      <trkpt lat="51.321813" lon="-1.316101">
        <ele>190.630653</ele>
        <time>2026-05-09T11:00:03.186Z</time>
      </trkpt>
      <trkpt lat="51.32171" lon="-1.316113">
        <ele>190.731805</ele>
        <time>2026-05-09T11:00:10.210Z</time>
      </trkpt>
      <trkpt lat="51.321612" lon="-1.316126">
        <ele>190.828121</ele>
        <time>2026-05-09T11:00:17.209Z</time>
      </trkpt>
      <trkpt lat="51.321507" lon="-1.316135">
        <ele>190.931112</ele>
        <time>2026-05-09T11:00:24.232Z</time>
      </trkpt>
      <trkpt lat="51.321413" lon="-1.31615">
        <ele>191.023637</ele>
        <time>2026-05-09T11:00:30.239Z</time>
      </trkpt>
      <trkpt lat="51.321317" lon="-1.316154">
        <ele>191.010525</ele>
        <time>2026-05-09T11:00:37.217Z</time>
      </trkpt>
      <trkpt lat="51.321224" lon="-1.31615">
        <ele>190.894305</ele>
        <time>2026-05-09T11:00:43.228Z</time>
      </trkpt>
      <trkpt lat="51.321134" lon="-1.31614">
        <ele>190.781604</ele>
        <time>2026-05-09T11:00:49.220Z</time>
      </trkpt>
      <trkpt lat="51.321031" lon="-1.316129">
        <ele>190.652648</ele>
        <time>2026-05-09T11:00:56.185Z</time>
      </trkpt>
      <trkpt lat="51.320932" lon="-1.316115">
        <ele>190.528492</ele>
        <time>2026-05-09T11:01:03.172Z</time>
      </trkpt>
      <trkpt lat="51.320832" lon="-1.316084">
        <ele>190.401247</ele>
        <time>2026-05-09T11:01:10.243Z</time>
      </trkpt>
      <trkpt lat="51.320741" lon="-1.31606">
        <ele>190.286034</ele>
        <time>2026-05-09T11:01:16.246Z</time>
      </trkpt>
      <trkpt lat="51.320645" lon="-1.316034">
        <ele>190.164403</ele>
        <time>2026-05-09T11:01:23.232Z</time>
      </trkpt>
      <trkpt lat="51.320547" lon="-1.316021">
        <ele>190.041559</ele>
        <time>2026-05-09T11:01:29.232Z</time>
      </trkpt>
      <trkpt lat="51.320456" lon="-1.315999">
        <ele>189.926589</ele>
        <time>2026-05-09T11:01:36.225Z</time>
      </trkpt>
      <trkpt lat="51.320364" lon="-1.315964">
        <ele>189.808457</ele>
        <time>2026-05-09T11:01:42.229Z</time>
      </trkpt>
      <trkpt lat="51.32026" lon="-1.315933">
        <ele>189.676302</ele>
        <time>2026-05-09T11:01:49.240Z</time>
      </trkpt>
      <trkpt lat="51.32017" lon="-1.315909">
        <ele>189.562322</ele>
        <time>2026-05-09T11:01:55.220Z</time>
      </trkpt>
      <trkpt lat="51.320078" lon="-1.31588">
        <ele>189.445184</ele>
        <time>2026-05-09T11:02:01.222Z</time>
      </trkpt>
      <trkpt lat="51.319977" lon="-1.315847">
        <ele>189.316409</ele>
        <time>2026-05-09T11:02:08.231Z</time>
      </trkpt>
      <trkpt lat="51.319883" lon="-1.315818">
        <ele>189.196819</ele>
        <time>2026-05-09T11:02:14.175Z</time>
      </trkpt>
      <trkpt lat="51.319781" lon="-1.315792">
        <ele>189.067791</ele>
        <time>2026-05-09T11:02:21.196Z</time>
      </trkpt>
      <trkpt lat="51.319691" lon="-1.315776">
        <ele>188.954669</ele>
        <time>2026-05-09T11:02:27.201Z</time>
      </trkpt>
      <trkpt lat="51.3196" lon="-1.315759">
        <ele>188.840218</ele>
        <time>2026-05-09T11:02:33.182Z</time>
      </trkpt>
      <trkpt lat="51.319498" lon="-1.315755">
        <ele>188.76139</ele>
        <time>2026-05-09T11:02:40.222Z</time>
      </trkpt>
      <trkpt lat="51.319393" lon="-1.315762">
        <ele>188.687662</ele>
        <time>2026-05-09T11:02:48.212Z</time>
      </trkpt>
      <trkpt lat="51.319296" lon="-1.315769">
        <ele>188.619541</ele>
        <time>2026-05-09T11:02:55.209Z</time>
      </trkpt>
      <trkpt lat="51.3192" lon="-1.315787">
        <ele>188.55173</ele>
        <time>2026-05-09T11:03:02.244Z</time>
      </trkpt>
      <trkpt lat="51.319109" lon="-1.3158">
        <ele>188.487634</ele>
        <time>2026-05-09T11:03:07.186Z</time>
      </trkpt>
      <trkpt lat="51.319017" lon="-1.315746">
        <ele>188.418884</ele>
        <time>2026-05-09T11:03:13.192Z</time>
      </trkpt>
      <trkpt lat="51.31892" lon="-1.315721">
        <ele>188.349955</ele>
        <time>2026-05-09T11:03:20.187Z</time>
      </trkpt>
      <trkpt lat="51.318822" lon="-1.315749">
        <ele>188.280114</ele>
        <time>2026-05-09T11:03:27.185Z</time>
      </trkpt>
      <trkpt lat="51.318728" lon="-1.315776">
        <ele>188.213113</ele>
        <time>2026-05-09T11:03:34.192Z</time>
      </trkpt>
      <trkpt lat="51.318628" lon="-1.315758">
        <ele>188.142514</ele>
        <time>2026-05-09T11:03:41.192Z</time>
      </trkpt>
      <trkpt lat="51.318536" lon="-1.315789">
        <ele>188.076554</ele>
        <time>2026-05-09T11:03:48.196Z</time>
      </trkpt>
      <trkpt lat="51.318438" lon="-1.315787">
        <ele>188.007796</ele>
        <time>2026-05-09T11:03:54.184Z</time>
      </trkpt>
      <trkpt lat="51.318344" lon="-1.315806">
        <ele>187.941324</ele>
        <time>2026-05-09T11:04:00.202Z</time>
      </trkpt>
      <trkpt lat="51.318253" lon="-1.315804">
        <ele>187.877476</ele>
        <time>2026-05-09T11:04:06.230Z</time>
      </trkpt>
      <trkpt lat="51.318151" lon="-1.31581">
        <ele>187.805868</ele>
        <time>2026-05-09T11:04:12.221Z</time>
      </trkpt>
      <trkpt lat="51.318054" lon="-1.315814">
        <ele>187.737794</ele>
        <time>2026-05-09T11:04:19.230Z</time>
      </trkpt>
      <trkpt lat="51.317955" lon="-1.315825">
        <ele>187.668172</ele>
        <time>2026-05-09T11:04:26.228Z</time>
      </trkpt>
      <trkpt lat="51.317861" lon="-1.315804">
        <ele>187.601585</ele>
        <time>2026-05-09T11:04:32.226Z</time>
      </trkpt>
      <trkpt lat="51.317757" lon="-1.315803">
        <ele>187.450955</ele>
        <time>2026-05-09T11:04:39.223Z</time>
      </trkpt>
      <trkpt lat="51.317659" lon="-1.315825">
        <ele>187.219135</ele>
        <time>2026-05-09T11:04:46.218Z</time>
      </trkpt>
      <trkpt lat="51.317568" lon="-1.315824">
        <ele>187.005957</ele>
        <time>2026-05-09T11:04:51.224Z</time>
      </trkpt>
      <trkpt lat="51.317464" lon="-1.31581">
        <ele>186.76147</ele>
        <time>2026-05-09T11:04:58.235Z</time>
      </trkpt>
      <trkpt lat="51.317365" lon="-1.315825">
        <ele>186.528519</ele>
        <time>2026-05-09T11:05:05.217Z</time>
      </trkpt>
      <trkpt lat="51.31727" lon="-1.315819">
        <ele>186.305803</ele>
        <time>2026-05-09T11:05:12.231Z</time>
      </trkpt>
      <trkpt lat="51.317168" lon="-1.315814">
        <ele>186.066749</ele>
        <time>2026-05-09T11:05:19.241Z</time>
      </trkpt>
      <trkpt lat="51.317061" lon="-1.315824">
        <ele>185.815668</ele>
        <time>2026-05-09T11:05:26.220Z</time>
      </trkpt>
      <trkpt lat="51.316972" lon="-1.315846">
        <ele>185.604706</ele>
        <time>2026-05-09T11:05:32.221Z</time>
      </trkpt>
      <trkpt lat="51.316873" lon="-1.315839">
        <ele>185.372567</ele>
        <time>2026-05-09T11:05:38.234Z</time>
      </trkpt>
      <trkpt lat="51.31677" lon="-1.315841">
        <ele>185.131265</ele>
        <time>2026-05-09T11:05:45.229Z</time>
      </trkpt>
      <trkpt lat="51.316668" lon="-1.315861">
        <ele>184.890536</ele>
        <time>2026-05-09T11:05:52.226Z</time>
      </trkpt>
      <trkpt lat="51.316565" lon="-1.315878">
        <ele>184.647972</ele>
        <time>2026-05-09T11:05:59.217Z</time>
      </trkpt>
      <trkpt lat="51.316475" lon="-1.315906">
        <ele>184.433193</ele>
        <time>2026-05-09T11:06:05.225Z</time>
      </trkpt>
      <trkpt lat="51.316377" lon="-1.315921">
        <ele>184.202573</ele>
        <time>2026-05-09T11:06:12.227Z</time>
      </trkpt>
      <trkpt lat="51.316282" lon="-1.315942">
        <ele>183.977916</ele>
        <time>2026-05-09T11:06:18.190Z</time>
      </trkpt>
      <trkpt lat="51.316174" lon="-1.315954">
        <ele>183.72431</ele>
        <time>2026-05-09T11:06:25.242Z</time>
      </trkpt>
      <trkpt lat="51.316077" lon="-1.315964">
        <ele>183.496611</ele>
        <time>2026-05-09T11:06:32.275Z</time>
      </trkpt>
      <trkpt lat="51.315979" lon="-1.315994">
        <ele>183.435335</ele>
        <time>2026-05-09T11:06:39.235Z</time>
      </trkpt>
      <trkpt lat="51.315877" lon="-1.316023">
        <ele>183.682061</ele>
        <time>2026-05-09T11:06:45.229Z</time>
      </trkpt>
      <trkpt lat="51.315781" lon="-1.316034">
        <ele>183.911277</ele>
        <time>2026-05-09T11:06:51.238Z</time>
      </trkpt>
      <trkpt lat="51.315682" lon="-1.316051">
        <ele>184.148406</ele>
        <time>2026-05-09T11:06:58.225Z</time>
      </trkpt>
      <trkpt lat="51.315586" lon="-1.316084">
        <ele>184.382254</ele>
        <time>2026-05-09T11:07:04.225Z</time>
      </trkpt>
      <trkpt lat="51.315486" lon="-1.316121">
        <ele>184.626697</ele>
        <time>2026-05-09T11:07:12.217Z</time>
      </trkpt>
      <trkpt lat="51.315388" lon="-1.316158">
        <ele>184.866501</ele>
        <time>2026-05-09T11:07:20.223Z</time>
      </trkpt>
      <trkpt lat="51.315292" lon="-1.316176">
        <ele>185.096696</ele>
        <time>2026-05-09T11:07:26.231Z</time>
      </trkpt>
      <trkpt lat="51.315189" lon="-1.316204">
        <ele>185.345513</ele>
        <time>2026-05-09T11:07:33.224Z</time>
      </trkpt>
      <trkpt lat="51.315098" lon="-1.316239">
        <ele>185.56841</ele>
        <time>2026-05-09T11:07:39.244Z</time>
      </trkpt>
      <trkpt lat="51.315" lon="-1.316245">
        <ele>185.801975</ele>
        <time>2026-05-09T11:07:46.220Z</time>
      </trkpt>
      <trkpt lat="51.314907" lon="-1.316268">
        <ele>186.026091</ele>
        <time>2026-05-09T11:07:53.222Z</time>
      </trkpt>
      <trkpt lat="51.314813" lon="-1.316295">
        <ele>186.253538</ele>
        <time>2026-05-09T11:07:59.247Z</time>
      </trkpt>
      <trkpt lat="51.314716" lon="-1.316308">
        <ele>186.485359</ele>
        <time>2026-05-09T11:08:06.219Z</time>
      </trkpt>
      <trkpt lat="51.314626" lon="-1.316323">
        <ele>186.70086</ele>
        <time>2026-05-09T11:08:12.232Z</time>
      </trkpt>
      <trkpt lat="51.31453" lon="-1.316349">
        <ele>186.932743</ele>
        <time>2026-05-09T11:08:19.231Z</time>
      </trkpt>
      <trkpt lat="51.31444" lon="-1.316357">
        <ele>187.147415</ele>
        <time>2026-05-09T11:08:25.241Z</time>
      </trkpt>
      <trkpt lat="51.314343" lon="-1.31638">
        <ele>187.38095</ele>
        <time>2026-05-09T11:08:33.216Z</time>
      </trkpt>
      <trkpt lat="51.314246" lon="-1.316425">
        <ele>187.621479</ele>
        <time>2026-05-09T11:08:41.222Z</time>
      </trkpt>
      <trkpt lat="51.314146" lon="-1.316428">
        <ele>188.496138</ele>
        <time>2026-05-09T11:08:47.240Z</time>
      </trkpt>
      <trkpt lat="51.314049" lon="-1.316468">
        <ele>189.401545</ele>
        <time>2026-05-09T11:08:54.233Z</time>
      </trkpt>
      <trkpt lat="51.313957" lon="-1.316482">
        <ele>190.236855</ele>
        <time>2026-05-09T11:09:01.232Z</time>
      </trkpt>
      <trkpt lat="51.313862" lon="-1.316487">
        <ele>191.095993</ele>
        <time>2026-05-09T11:09:09.232Z</time>
      </trkpt>
      <trkpt lat="51.313762" lon="-1.316519">
        <ele>192.017763</ele>
        <time>2026-05-09T11:09:16.239Z</time>
      </trkpt>
      <trkpt lat="51.313671" lon="-1.316538">
        <ele>192.847257</ele>
        <time>2026-05-09T11:09:24.235Z</time>
      </trkpt>
      <trkpt lat="51.313565" lon="-1.316544">
        <ele>193.805955</ele>
        <time>2026-05-09T11:09:31.235Z</time>
      </trkpt>
      <trkpt lat="51.313468" lon="-1.316541">
        <ele>194.68287</ele>
        <time>2026-05-09T11:09:37.221Z</time>
      </trkpt>
      <trkpt lat="51.313362" lon="-1.316568">
        <ele>195.653036</ele>
        <time>2026-05-09T11:09:45.234Z</time>
      </trkpt>
      <trkpt lat="51.313264" lon="-1.316585">
        <ele>196.544017</ele>
        <time>2026-05-09T11:09:53.242Z</time>
      </trkpt>
      <trkpt lat="51.313172" lon="-1.3166">
        <ele>197.379882</ele>
        <time>2026-05-09T11:09:59.230Z</time>
      </trkpt>
      <trkpt lat="51.313079" lon="-1.316612">
        <ele>198.223207</ele>
        <time>2026-05-09T11:10:06.247Z</time>
      </trkpt>
      <trkpt lat="51.312991" lon="-1.316651">
        <ele>199.048565</ele>
        <time>2026-05-09T11:10:13.250Z</time>
      </trkpt>
      <trkpt lat="51.312889" lon="-1.316686">
        <ele>199.991477</ele>
        <time>2026-05-09T11:10:21.234Z</time>
      </trkpt>
      <trkpt lat="51.312795" lon="-1.316723">
        <ele>200.86645</ele>
        <time>2026-05-09T11:10:28.207Z</time>
      </trkpt>
      <trkpt lat="51.312701" lon="-1.316761">
        <ele>201.74279</ele>
        <time>2026-05-09T11:10:34.233Z</time>
      </trkpt>
      <trkpt lat="51.31261" lon="-1.316811">
        <ele>202.612467</ele>
        <time>2026-05-09T11:10:41.235Z</time>
      </trkpt>
      <trkpt lat="51.312523" lon="-1.316848">
        <ele>203.426142</ele>
        <time>2026-05-09T11:10:47.246Z</time>
      </trkpt>
      <trkpt lat="51.312431" lon="-1.316899">
        <ele>204.412893</ele>
        <time>2026-05-09T11:10:54.232Z</time>
      </trkpt>
      <trkpt lat="51.312335" lon="-1.316929">
        <ele>205.523262</ele>
        <time>2026-05-09T11:11:03.237Z</time>
      </trkpt>
      <trkpt lat="51.312251" lon="-1.316981">
        <ele>206.545712</ele>
        <time>2026-05-09T11:11:11.230Z</time>
      </trkpt>
      <trkpt lat="51.312163" lon="-1.317033">
        <ele>207.610636</ele>
        <time>2026-05-09T11:11:18.229Z</time>
      </trkpt>
      <trkpt lat="51.312077" lon="-1.317092">
        <ele>208.67287</ele>
        <time>2026-05-09T11:11:25.219Z</time>
      </trkpt>
      <trkpt lat="51.31199" lon="-1.317138">
        <ele>209.713018</ele>
        <time>2026-05-09T11:11:33.245Z</time>
      </trkpt>
      <trkpt lat="51.311901" lon="-1.317184">
        <ele>210.774746</ele>
        <time>2026-05-09T11:11:39.244Z</time>
      </trkpt>
      <trkpt lat="51.311805" lon="-1.317254">
        <ele>211.972378</ele>
        <time>2026-05-09T11:11:47.252Z</time>
      </trkpt>
      <trkpt lat="51.311716" lon="-1.317284">
        <ele>213.004871</ele>
        <time>2026-05-09T11:11:55.251Z</time>
      </trkpt>
      <trkpt lat="51.311632" lon="-1.31737">
        <ele>214.136972</ele>
        <time>2026-05-09T11:12:04.234Z</time>
      </trkpt>
      <trkpt lat="51.311544" lon="-1.317417">
        <ele>215.190131</ele>
        <time>2026-05-09T11:12:12.230Z</time>
      </trkpt>
      <trkpt lat="51.31145" lon="-1.317478">
        <ele>216.341649</ele>
        <time>2026-05-09T11:12:19.234Z</time>
      </trkpt>
      <trkpt lat="51.311366" lon="-1.317544">
        <ele>217.404</ele>
        <time>2026-05-09T11:12:25.246Z</time>
      </trkpt>
      <trkpt lat="51.311273" lon="-1.317614">
        <ele>218.570731</ele>
        <time>2026-05-09T11:12:32.246Z</time>
      </trkpt>
      <trkpt lat="51.31119" lon="-1.31767">
        <ele>219.593298</ele>
        <time>2026-05-09T11:12:38.231Z</time>
      </trkpt>
      <trkpt lat="51.311099" lon="-1.317726">
        <ele>220.700104</ele>
        <time>2026-05-09T11:12:46.237Z</time>
      </trkpt>
      <trkpt lat="51.311002" lon="-1.317751">
        <ele>221.815427</ele>
        <time>2026-05-09T11:12:53.233Z</time>
      </trkpt>
      <trkpt lat="51.310906" lon="-1.31775">
        <ele>222.905223</ele>
        <time>2026-05-09T11:13:01.223Z</time>
      </trkpt>
      <trkpt lat="51.310813" lon="-1.317775">
        <ele>223.975741</ele>
        <time>2026-05-09T11:13:08.233Z</time>
      </trkpt>
      <trkpt lat="51.310726" lon="-1.317827">
        <ele>224.809847</ele>
        <time>2026-05-09T11:13:15.229Z</time>
      </trkpt>
      <trkpt lat="51.310631" lon="-1.317855">
        <ele>225.572411</ele>
        <time>2026-05-09T11:13:22.247Z</time>
      </trkpt>
      <trkpt lat="51.310539" lon="-1.31789">
        <ele>226.318923</ele>
        <time>2026-05-09T11:13:29.256Z</time>
      </trkpt>
      <trkpt lat="51.310445" lon="-1.317953">
        <ele>227.123461</ele>
        <time>2026-05-09T11:13:38.224Z</time>
      </trkpt>
      <trkpt lat="51.310356" lon="-1.317975">
        <ele>227.834376</ele>
        <time>2026-05-09T11:13:44.259Z</time>
      </trkpt>
      <trkpt lat="51.310259" lon="-1.317938">
        <ele>228.621572</ele>
        <time>2026-05-09T11:13:52.226Z</time>
      </trkpt>
      <trkpt lat="51.310163" lon="-1.317977">
        <ele>229.403462</ele>
        <time>2026-05-09T11:13:59.236Z</time>
      </trkpt>
      <trkpt lat="51.310072" lon="-1.317987">
        <ele>230.12352</ele>
        <time>2026-05-09T11:14:06.243Z</time>
      </trkpt>
      <trkpt lat="51.309981" lon="-1.31798">
        <ele>230.842715</ele>
        <time>2026-05-09T11:14:12.238Z</time>
      </trkpt>
      <trkpt lat="51.309887" lon="-1.317967">
        <ele>231.587531</ele>
        <time>2026-05-09T11:14:19.238Z</time>
      </trkpt>
      <trkpt lat="51.309783" lon="-1.317958">
        <ele>232.40972</ele>
        <time>2026-05-09T11:14:25.251Z</time>
      </trkpt>
      <trkpt lat="51.309684" lon="-1.31795">
        <ele>233.192234</ele>
        <time>2026-05-09T11:14:33.224Z</time>
      </trkpt>
      <trkpt lat="51.309585" lon="-1.31794">
        <ele>233.975308</ele>
        <time>2026-05-09T11:14:39.233Z</time>
      </trkpt>
      <trkpt lat="51.309493" lon="-1.317941">
        <ele>234.701584</ele>
        <time>2026-05-09T11:14:47.264Z</time>
      </trkpt>
      <trkpt lat="51.309397" lon="-1.317934">
        <ele>235.460207</ele>
        <time>2026-05-09T11:14:55.237Z</time>
      </trkpt>
      <trkpt lat="51.309303" lon="-1.3179">
        <ele>236.220986</ele>
        <time>2026-05-09T11:15:01.237Z</time>
      </trkpt>
      <trkpt lat="51.309214" lon="-1.317823">
        <ele>237.019732</ele>
        <time>2026-05-09T11:15:07.244Z</time>
      </trkpt>
      <trkpt lat="51.309122" lon="-1.317776">
        <ele>237.782127</ele>
        <time>2026-05-09T11:15:15.249Z</time>
      </trkpt>
      <trkpt lat="51.30904" lon="-1.317695">
        <ele>238.543366</ele>
        <time>2026-05-09T11:15:21.242Z</time>
      </trkpt>
      <trkpt lat="51.308952" lon="-1.317628">
        <ele>239.322159</ele>
        <time>2026-05-09T11:15:29.233Z</time>
      </trkpt>
      <trkpt lat="51.308869" lon="-1.317565">
        <ele>240.056289</ele>
        <time>2026-05-09T11:15:35.249Z</time>
      </trkpt>
      <trkpt lat="51.308778" lon="-1.317526">
        <ele>240.809115</ele>
        <time>2026-05-09T11:15:42.244Z</time>
      </trkpt>
      <trkpt lat="51.30868" lon="-1.31754">
        <ele>241.595351</ele>
        <time>2026-05-09T11:15:50.241Z</time>
      </trkpt>
      <trkpt lat="51.308579" lon="-1.317525">
        <ele>242.405914</ele>
        <time>2026-05-09T11:15:57.224Z</time>
      </trkpt>
      <trkpt lat="51.308481" lon="-1.317552">
        <ele>243.200563</ele>
        <time>2026-05-09T11:16:05.247Z</time>
      </trkpt>
      <trkpt lat="51.308382" lon="-1.317572">
        <ele>243.997956</ele>
        <time>2026-05-09T11:16:13.248Z</time>
      </trkpt>
      <trkpt lat="51.308275" lon="-1.31757">
        <ele>244.853053</ele>
        <time>2026-05-09T11:16:20.257Z</time>
      </trkpt>
      <trkpt lat="51.308195" lon="-1.317638">
        <ele>245.576979</ele>
        <time>2026-05-09T11:16:27.236Z</time>
      </trkpt>
      <trkpt lat="51.308094" lon="-1.317665">
        <ele>246.395263</ele>
        <time>2026-05-09T11:16:34.236Z</time>
      </trkpt>
      <trkpt lat="51.308009" lon="-1.317722">
        <ele>247.131767</ele>
        <time>2026-05-09T11:16:41.215Z</time>
      </trkpt>
      <trkpt lat="51.30792" lon="-1.317766">
        <ele>247.876158</ele>
        <time>2026-05-09T11:16:48.238Z</time>
      </trkpt>
      <trkpt lat="51.307823" lon="-1.317819">
        <ele>248.695256</ele>
        <time>2026-05-09T11:16:57.226Z</time>
      </trkpt>
      <trkpt lat="51.307736" lon="-1.317865">
        <ele>249.427466</ele>
        <time>2026-05-09T11:17:03.230Z</time>
      </trkpt>
      <trkpt lat="51.307631" lon="-1.317905">
        <ele>250.289988</ele>
        <time>2026-05-09T11:17:16.219Z</time>
      </trkpt>
      <trkpt lat="51.30754" lon="-1.31798">
        <ele>251.108013</ele>
        <time>2026-05-09T11:17:20.261Z</time>
      </trkpt>
      <trkpt lat="51.307451" lon="-1.318035">
        <ele>251.870439</ele>
        <time>2026-05-09T11:17:25.235Z</time>
      </trkpt>
      <trkpt lat="51.307364" lon="-1.318072">
        <ele>252.589808</ele>
        <time>2026-05-09T11:17:32.243Z</time>
      </trkpt>
      <trkpt lat="51.307272" lon="-1.31812">
        <ele>253.260703</ele>
        <time>2026-05-09T11:17:38.228Z</time>
      </trkpt>
      <trkpt lat="51.307186" lon="-1.318169">
        <ele>253.835967</ele>
        <time>2026-05-09T11:17:45.233Z</time>
      </trkpt>
      <trkpt lat="51.307095" lon="-1.318221">
        <ele>254.444877</ele>
        <time>2026-05-09T11:17:52.243Z</time>
      </trkpt>
      <trkpt lat="51.307018" lon="-1.318307">
        <ele>255.036645</ele>
        <time>2026-05-09T11:18:00.241Z</time>
      </trkpt>
      <trkpt lat="51.306934" lon="-1.318369">
        <ele>255.619587</ele>
        <time>2026-05-09T11:18:07.243Z</time>
      </trkpt>
      <trkpt lat="51.306844" lon="-1.318419">
        <ele>256.219936</ele>
        <time>2026-05-09T11:18:15.253Z</time>
      </trkpt>
      <trkpt lat="51.306761" lon="-1.318479">
        <ele>256.793873</ele>
        <time>2026-05-09T11:18:22.237Z</time>
      </trkpt>
      <trkpt lat="51.306666" lon="-1.31853">
        <ele>257.425312</ele>
        <time>2026-05-09T11:18:29.225Z</time>
      </trkpt>
      <trkpt lat="51.306571" lon="-1.318547">
        <ele>258.027672</ele>
        <time>2026-05-09T11:18:37.267Z</time>
      </trkpt>
      <trkpt lat="51.306477" lon="-1.318608">
        <ele>258.666884</ele>
        <time>2026-05-09T11:18:45.248Z</time>
      </trkpt>
      <trkpt lat="51.306382" lon="-1.318645">
        <ele>259.282999</ele>
        <time>2026-05-09T11:18:51.253Z</time>
      </trkpt>
      <trkpt lat="51.306287" lon="-1.318672">
        <ele>259.891</ele>
        <time>2026-05-09T11:18:57.242Z</time>
      </trkpt>
      <trkpt lat="51.306189" lon="-1.318719">
        <ele>260.535689</ele>
        <time>2026-05-09T11:19:03.258Z</time>
      </trkpt>
      <trkpt lat="51.306099" lon="-1.318731">
        <ele>261.104775</ele>
        <time>2026-05-09T11:19:09.254Z</time>
      </trkpt>
      <trkpt lat="51.306004" lon="-1.318726">
        <ele>261.703725</ele>
        <time>2026-05-09T11:19:15.258Z</time>
      </trkpt>
      <trkpt lat="51.305913" lon="-1.318707">
        <ele>262.28201</ele>
        <time>2026-05-09T11:19:22.243Z</time>
      </trkpt>
      <trkpt lat="51.305822" lon="-1.318673">
        <ele>262.870865</ele>
        <time>2026-05-09T11:19:29.246Z</time>
      </trkpt>
      <trkpt lat="51.305717" lon="-1.318666">
        <ele>263.533079</ele>
        <time>2026-05-09T11:19:37.260Z</time>
      </trkpt>
      <trkpt lat="51.305621" lon="-1.318642">
        <ele>264.14535</ele>
        <time>2026-05-09T11:19:44.256Z</time>
      </trkpt>
      <trkpt lat="51.305525" lon="-1.318628">
        <ele>264.557632</ele>
        <time>2026-05-09T11:19:51.246Z</time>
      </trkpt>
      <trkpt lat="51.305423" lon="-1.3186">
        <ele>264.974132</ele>
        <time>2026-05-09T11:19:58.240Z</time>
      </trkpt>
      <trkpt lat="51.305332" lon="-1.318574">
        <ele>265.346157</ele>
        <time>2026-05-09T11:20:05.236Z</time>
      </trkpt>
      <trkpt lat="51.305228" lon="-1.318549">
        <ele>265.769404</ele>
        <time>2026-05-09T11:20:12.253Z</time>
      </trkpt>
      <trkpt lat="51.305126" lon="-1.318527">
        <ele>266.183618</ele>
        <time>2026-05-09T11:20:19.242Z</time>
      </trkpt>
      <trkpt lat="51.305035" lon="-1.318497">
        <ele>266.557544</ele>
        <time>2026-05-09T11:20:26.271Z</time>
      </trkpt>
      <trkpt lat="51.304937" lon="-1.318479">
        <ele>266.954536</ele>
        <time>2026-05-09T11:20:32.255Z</time>
      </trkpt>
      <trkpt lat="51.304847" lon="-1.31844">
        <ele>267.329797</ele>
        <time>2026-05-09T11:20:38.240Z</time>
      </trkpt>
      <trkpt lat="51.30475" lon="-1.318404">
        <ele>267.730543</ele>
        <time>2026-05-09T11:20:45.187Z</time>
      </trkpt>
      <trkpt lat="51.304685" lon="-1.318302">
        <ele>268.097002</ele>
        <time>2026-05-09T11:20:51.223Z</time>
      </trkpt>
      <trkpt lat="51.304691" lon="-1.318139">
        <ele>268.507825</ele>
        <time>2026-05-09T11:20:58.200Z</time>
      </trkpt>
      <trkpt lat="51.304758" lon="-1.31804">
        <ele>268.874908</ele>
        <time>2026-05-09T11:21:04.210Z</time>
      </trkpt>
      <trkpt lat="51.304833" lon="-1.317948">
        <ele>269.255284</ele>
        <time>2026-05-09T11:21:10.218Z</time>
      </trkpt>
      <trkpt lat="51.304918" lon="-1.317845">
        <ele>269.684445</ele>
        <time>2026-05-09T11:21:17.198Z</time>
      </trkpt>
      <trkpt lat="51.304989" lon="-1.317739">
        <ele>270.075308</ele>
        <time>2026-05-09T11:21:24.212Z</time>
      </trkpt>
      <trkpt lat="51.305062" lon="-1.317643">
        <ele>270.455639</ele>
        <time>2026-05-09T11:21:31.210Z</time>
      </trkpt>
      <trkpt lat="51.305148" lon="-1.317546">
        <ele>270.879138</ele>
        <time>2026-05-09T11:21:37.231Z</time>
      </trkpt>
      <trkpt lat="51.305223" lon="-1.317455">
        <ele>271.257987</ele>
        <time>2026-05-09T11:21:44.261Z</time>
      </trkpt>
      <trkpt lat="51.305307" lon="-1.317359">
        <ele>271.672176</ele>
        <time>2026-05-09T11:21:51.263Z</time>
      </trkpt>
      <trkpt lat="51.30539" lon="-1.31726">
        <ele>272.086436</ele>
        <time>2026-05-09T11:21:58.252Z</time>
      </trkpt>
      <trkpt lat="51.30547" lon="-1.317172">
        <ele>272.47491</ele>
        <time>2026-05-09T11:22:05.252Z</time>
      </trkpt>
      <trkpt lat="51.305547" lon="-1.317084">
        <ele>272.853555</ele>
        <time>2026-05-09T11:22:11.238Z</time>
      </trkpt>
      <trkpt lat="51.305633" lon="-1.317002">
        <ele>273.254148</ele>
        <time>2026-05-09T11:22:18.244Z</time>
      </trkpt>
      <trkpt lat="51.305718" lon="-1.316901">
        <ele>273.677813</ele>
        <time>2026-05-09T11:22:25.258Z</time>
      </trkpt>
      <trkpt lat="51.305802" lon="-1.316814">
        <ele>274.078211</ele>
        <time>2026-05-09T11:22:32.244Z</time>
      </trkpt>
      <trkpt lat="51.30588" lon="-1.316738">
        <ele>274.443641</ele>
        <time>2026-05-09T11:22:38.254Z</time>
      </trkpt>
      <trkpt lat="51.30597" lon="-1.316654">
        <ele>274.860561</ele>
        <time>2026-05-09T11:22:45.262Z</time>
      </trkpt>
      <trkpt lat="51.306056" lon="-1.316574">
        <ele>275.258614</ele>
        <time>2026-05-09T11:22:52.246Z</time>
      </trkpt>
      <trkpt lat="51.306144" lon="-1.316494">
        <ele>275.663606</ele>
        <time>2026-05-09T11:22:59.244Z</time>
      </trkpt>
      <trkpt lat="51.306237" lon="-1.316408">
        <ele>276.093417</ele>
        <time>2026-05-09T11:23:06.209Z</time>
      </trkpt>
      <trkpt lat="51.306325" lon="-1.316332">
        <ele>276.493559</ele>
        <time>2026-05-09T11:23:13.225Z</time>
      </trkpt>
      <trkpt lat="51.306421" lon="-1.31626">
        <ele>276.917793</ele>
        <time>2026-05-09T11:23:20.238Z</time>
      </trkpt>
      <trkpt lat="51.306513" lon="-1.31618">
        <ele>277.336772</ele>
        <time>2026-05-09T11:23:27.255Z</time>
      </trkpt>
      <trkpt lat="51.306592" lon="-1.31611">
        <ele>277.698118</ele>
        <time>2026-05-09T11:23:33.271Z</time>
      </trkpt>
      <trkpt lat="51.306682" lon="-1.316035">
        <ele>278.104156</ele>
        <time>2026-05-09T11:23:40.269Z</time>
      </trkpt>
      <trkpt lat="51.306776" lon="-1.315966">
        <ele>278.517973</ele>
        <time>2026-05-09T11:23:47.245Z</time>
      </trkpt>
      <trkpt lat="51.30686" lon="-1.315901">
        <ele>278.741752</ele>
        <time>2026-05-09T11:23:53.261Z</time>
      </trkpt>
      <trkpt lat="51.306946" lon="-1.315823">
        <ele>278.894224</ele>
        <time>2026-05-09T11:24:00.259Z</time>
      </trkpt>
      <trkpt lat="51.307013" lon="-1.315728">
        <ele>279.032306</ele>
        <time>2026-05-09T11:24:06.245Z</time>
      </trkpt>
      <trkpt lat="51.307094" lon="-1.315659">
        <ele>279.173839</ele>
        <time>2026-05-09T11:24:12.261Z</time>
      </trkpt>
      <trkpt lat="51.307176" lon="-1.315585">
        <ele>279.319042</ele>
        <time>2026-05-09T11:24:19.262Z</time>
      </trkpt>
      <trkpt lat="51.307256" lon="-1.315515">
        <ele>279.459676</ele>
        <time>2026-05-09T11:24:25.236Z</time>
      </trkpt>
      <trkpt lat="51.307322" lon="-1.315415">
        <ele>279.599878</ele>
        <time>2026-05-09T11:24:31.240Z</time>
      </trkpt>
      <trkpt lat="51.307385" lon="-1.315299">
        <ele>279.748029</ele>
        <time>2026-05-09T11:24:38.247Z</time>
      </trkpt>
      <trkpt lat="51.307437" lon="-1.315157">
        <ele>279.906696</ele>
        <time>2026-05-09T11:24:45.238Z</time>
      </trkpt>
      <trkpt lat="51.307473" lon="-1.315008">
        <ele>280.060708</ele>
        <time>2026-05-09T11:24:52.238Z</time>
      </trkpt>
      <trkpt lat="51.307504" lon="-1.314851">
        <ele>280.219448</ele>
        <time>2026-05-09T11:24:59.254Z</time>
      </trkpt>
      <trkpt lat="51.307532" lon="-1.314688">
        <ele>280.382427</ele>
        <time>2026-05-09T11:25:06.255Z</time>
      </trkpt>
      <trkpt lat="51.307549" lon="-1.314533">
        <ele>280.53415</ele>
        <time>2026-05-09T11:25:13.252Z</time>
      </trkpt>
      <trkpt lat="51.307571" lon="-1.314394">
        <ele>280.672393</ele>
        <time>2026-05-09T11:25:19.258Z</time>
      </trkpt>
      <trkpt lat="51.307589" lon="-1.314231">
        <ele>280.831979</ele>
        <time>2026-05-09T11:25:26.246Z</time>
      </trkpt>
      <trkpt lat="51.30761" lon="-1.314085">
        <ele>280.97642</ele>
        <time>2026-05-09T11:25:32.222Z</time>
      </trkpt>
      <trkpt lat="51.307631" lon="-1.313942">
        <ele>281.118044</ele>
        <time>2026-05-09T11:25:38.227Z</time>
      </trkpt>
      <trkpt lat="51.307642" lon="-1.313791">
        <ele>281.264613</ele>
        <time>2026-05-09T11:25:45.230Z</time>
      </trkpt>
      <trkpt lat="51.307659" lon="-1.313648">
        <ele>281.404954</ele>
        <time>2026-05-09T11:25:51.223Z</time>
      </trkpt>
      <trkpt lat="51.307673" lon="-1.313489">
        <ele>281.294421</ele>
        <time>2026-05-09T11:25:58.224Z</time>
      </trkpt>
      <trkpt lat="51.307677" lon="-1.313345">
        <ele>281.165879</ele>
        <time>2026-05-09T11:26:04.209Z</time>
      </trkpt>
      <trkpt lat="51.30775" lon="-1.313252">
        <ele>281.032752</ele>
        <time>2026-05-09T11:26:24.229Z</time>
      </trkpt>
      <trkpt lat="51.307852" lon="-1.313286">
        <ele>280.884121</ele>
        <time>2026-05-09T11:26:30.210Z</time>
      </trkpt>
      <trkpt lat="51.307949" lon="-1.313315">
        <ele>280.743352</ele>
        <time>2026-05-09T11:26:37.246Z</time>
      </trkpt>
      <trkpt lat="51.30804" lon="-1.313373">
        <ele>280.603613</ele>
        <time>2026-05-09T11:26:44.255Z</time>
      </trkpt>
      <trkpt lat="51.308113" lon="-1.313273">
        <ele>280.466511</ele>
        <time>2026-05-09T11:26:51.258Z</time>
      </trkpt>
      <trkpt lat="51.308186" lon="-1.313158">
        <ele>280.320355</ele>
        <time>2026-05-09T11:26:59.247Z</time>
      </trkpt>
      <trkpt lat="51.308274" lon="-1.313085">
        <ele>280.178945</ele>
        <time>2026-05-09T11:27:06.261Z</time>
      </trkpt>
      <trkpt lat="51.308374" lon="-1.313056">
        <ele>280.033967</ele>
        <time>2026-05-09T11:27:13.259Z</time>
      </trkpt>
      <trkpt lat="51.308463" lon="-1.313025">
        <ele>279.904032</ele>
        <time>2026-05-09T11:27:25.254Z</time>
      </trkpt>
      <trkpt lat="51.308558" lon="-1.313046">
        <ele>279.767224</ele>
        <time>2026-05-09T11:27:32.252Z</time>
      </trkpt>
      <trkpt lat="51.308654" lon="-1.313051">
        <ele>279.630205</ele>
        <time>2026-05-09T11:27:40.258Z</time>
      </trkpt>
      <trkpt lat="51.308749" lon="-1.31307">
        <ele>279.49363</ele>
        <time>2026-05-09T11:27:48.264Z</time>
      </trkpt>
      <trkpt lat="51.308842" lon="-1.313065">
        <ele>279.360888</ele>
        <time>2026-05-09T11:27:56.258Z</time>
      </trkpt>
      <trkpt lat="51.308935" lon="-1.313084">
        <ele>279.227143</ele>
        <time>2026-05-09T11:28:03.246Z</time>
      </trkpt>
      <trkpt lat="51.309062" lon="-1.313101">
        <ele>279.045341</ele>
        <time>2026-05-09T11:30:59.259Z</time>
      </trkpt>
      <trkpt lat="51.309145" lon="-1.313167">
        <ele>278.913118</ele>
        <time>2026-05-09T11:31:05.254Z</time>
      </trkpt>
      <trkpt lat="51.309216" lon="-1.313259">
        <ele>278.827571</ele>
        <time>2026-05-09T11:31:12.232Z</time>
      </trkpt>
      <trkpt lat="51.309276" lon="-1.31339">
        <ele>278.771217</ele>
        <time>2026-05-09T11:31:19.222Z</time>
      </trkpt>
      <trkpt lat="51.309333" lon="-1.313515">
        <ele>278.717527</ele>
        <time>2026-05-09T11:31:27.223Z</time>
      </trkpt>
      <trkpt lat="51.309377" lon="-1.313658">
        <ele>278.66222</ele>
        <time>2026-05-09T11:31:35.221Z</time>
      </trkpt>
      <trkpt lat="51.3094" lon="-1.313808">
        <ele>278.608626</ele>
        <time>2026-05-09T11:31:44.207Z</time>
      </trkpt>
      <trkpt lat="51.309413" lon="-1.313968">
        <ele>278.552637</ele>
        <time>2026-05-09T11:31:52.218Z</time>
      </trkpt>
      <trkpt lat="51.309426" lon="-1.314122">
        <ele>278.498713</ele>
        <time>2026-05-09T11:32:00.224Z</time>
      </trkpt>
      <trkpt lat="51.309462" lon="-1.314267">
        <ele>278.444574</ele>
        <time>2026-05-09T11:32:07.223Z</time>
      </trkpt>
      <trkpt lat="51.309459" lon="-1.314412">
        <ele>278.394231</ele>
        <time>2026-05-09T11:32:17.234Z</time>
      </trkpt>
      <trkpt lat="51.309456" lon="-1.314566">
        <ele>278.340766</ele>
        <time>2026-05-09T11:32:25.228Z</time>
      </trkpt>
      <trkpt lat="51.309437" lon="-1.314721">
        <ele>278.285955</ele>
        <time>2026-05-09T11:32:33.230Z</time>
      </trkpt>
      <trkpt lat="51.309444" lon="-1.314873">
        <ele>278.233067</ele>
        <time>2026-05-09T11:32:44.223Z</time>
      </trkpt>
      <trkpt lat="51.309444" lon="-1.315038">
        <ele>278.175811</ele>
        <time>2026-05-09T11:32:52.210Z</time>
      </trkpt>
      <trkpt lat="51.309362" lon="-1.31511">
        <ele>278.123886</ele>
        <time>2026-05-09T11:33:03.226Z</time>
      </trkpt>
      <trkpt lat="51.309301" lon="-1.315225">
        <ele>278.07155</ele>
        <time>2026-05-09T11:33:12.239Z</time>
      </trkpt>
      <trkpt lat="51.309218" lon="-1.315297">
        <ele>278.019138</ele>
        <time>2026-05-09T11:33:19.234Z</time>
      </trkpt>
      <trkpt lat="51.309149" lon="-1.315389">
        <ele>277.969275</ele>
        <time>2026-05-09T11:33:25.240Z</time>
      </trkpt>
      <trkpt lat="51.309074" lon="-1.315487">
        <ele>277.915518</ele>
        <time>2026-05-09T11:33:32.226Z</time>
      </trkpt>
      <trkpt lat="51.308984" lon="-1.315527">
        <ele>277.863666</ele>
        <time>2026-05-09T11:33:40.238Z</time>
      </trkpt>
      <trkpt lat="51.308894" lon="-1.315543">
        <ele>278.054357</ele>
        <time>2026-05-09T11:33:47.227Z</time>
      </trkpt>
      <trkpt lat="51.308804" lon="-1.315518">
        <ele>278.279681</ele>
        <time>2026-05-09T11:33:53.225Z</time>
      </trkpt>
      <trkpt lat="51.30872" lon="-1.315437">
        <ele>278.521617</ele>
        <time>2026-05-09T11:34:00.255Z</time>
      </trkpt>
      <trkpt lat="51.308621" lon="-1.315416">
        <ele>278.767957</ele>
        <time>2026-05-09T11:34:08.208Z</time>
      </trkpt>
      <trkpt lat="51.308525" lon="-1.315388">
        <ele>279.008663</ele>
        <time>2026-05-09T11:34:15.258Z</time>
      </trkpt>
      <trkpt lat="51.308439" lon="-1.315315">
        <ele>279.248814</ele>
        <time>2026-05-09T11:34:22.263Z</time>
      </trkpt>
      <trkpt lat="51.30835" lon="-1.315296">
        <ele>279.470296</ele>
        <time>2026-05-09T11:34:29.255Z</time>
      </trkpt>
      <trkpt lat="51.308256" lon="-1.315317">
        <ele>279.704416</ele>
        <time>2026-05-09T11:34:36.249Z</time>
      </trkpt>
      <trkpt lat="51.308183" lon="-1.315211">
        <ele>279.947606</ele>
        <time>2026-05-09T11:34:44.254Z</time>
      </trkpt>
      <trkpt lat="51.308112" lon="-1.315107">
        <ele>280.185072</ele>
        <time>2026-05-09T11:34:51.280Z</time>
      </trkpt>
      <trkpt lat="51.308063" lon="-1.314961">
        <ele>280.440599</ele>
        <time>2026-05-09T11:34:59.241Z</time>
      </trkpt>
      <trkpt lat="51.308041" lon="-1.314801">
        <ele>280.693219</ele>
        <time>2026-05-09T11:35:07.258Z</time>
      </trkpt>
      <trkpt lat="51.308026" lon="-1.314656">
        <ele>280.919851</ele>
        <time>2026-05-09T11:35:14.257Z</time>
      </trkpt>
      <trkpt lat="51.308027" lon="-1.314509">
        <ele>281.14654</ele>
        <time>2026-05-09T11:35:21.257Z</time>
      </trkpt>
      <trkpt lat="51.308061" lon="-1.314362">
        <ele>281.388233</ele>
        <time>2026-05-09T11:35:28.266Z</time>
      </trkpt>
      <trkpt lat="51.308083" lon="-1.314218">
        <ele>281.616818</ele>
        <time>2026-05-09T11:35:35.265Z</time>
      </trkpt>
      <trkpt lat="51.308133" lon="-1.314075">
        <ele>281.869474</ele>
        <time>2026-05-09T11:35:42.267Z</time>
      </trkpt>
      <trkpt lat="51.308163" lon="-1.31393">
        <ele>282.104992</ele>
        <time>2026-05-09T11:35:49.249Z</time>
      </trkpt>
      <trkpt lat="51.308115" lon="-1.313805">
        <ele>282.236142</ele>
        <time>2026-05-09T11:35:56.265Z</time>
      </trkpt>
      <trkpt lat="51.308049" lon="-1.313706">
        <ele>281.883466</ele>
        <time>2026-05-09T11:36:03.266Z</time>
      </trkpt>
      <trkpt lat="51.308032" lon="-1.313559">
        <ele>281.519187</ele>
        <time>2026-05-09T11:36:10.244Z</time>
      </trkpt>
      <trkpt lat="51.308031" lon="-1.313413">
        <ele>281.163402</ele>
        <time>2026-05-09T11:36:17.235Z</time>
      </trkpt>
      <trkpt lat="51.307953" lon="-1.313323">
        <ele>280.788521</ele>
        <time>2026-05-09T11:36:24.224Z</time>
      </trkpt>
      <trkpt lat="51.307858" lon="-1.313271">
        <ele>280.397136</ele>
        <time>2026-05-09T11:36:31.225Z</time>
      </trkpt>
      <trkpt lat="51.307757" lon="-1.313252">
        <ele>280.00073</ele>
        <time>2026-05-09T11:36:38.222Z</time>
      </trkpt>
      <trkpt lat="51.307678" lon="-1.31316">
        <ele>279.619832</ele>
        <time>2026-05-09T11:36:54.226Z</time>
      </trkpt>
      <trkpt lat="51.307666" lon="-1.312994">
        <ele>279.212634</ele>
        <time>2026-05-09T11:37:01.228Z</time>
      </trkpt>
      <trkpt lat="51.307657" lon="-1.312828">
        <ele>278.806613</ele>
        <time>2026-05-09T11:37:08.250Z</time>
      </trkpt>
      <trkpt lat="51.307653" lon="-1.312682">
        <ele>278.450505</ele>
        <time>2026-05-09T11:37:14.251Z</time>
      </trkpt>
      <trkpt lat="51.307637" lon="-1.312525">
        <ele>278.062883</ele>
        <time>2026-05-09T11:37:21.270Z</time>
      </trkpt>
      <trkpt lat="51.307626" lon="-1.312367">
        <ele>277.675495</ele>
        <time>2026-05-09T11:37:28.256Z</time>
      </trkpt>
      <trkpt lat="51.307613" lon="-1.312223">
        <ele>277.320961</ele>
        <time>2026-05-09T11:37:34.250Z</time>
      </trkpt>
      <trkpt lat="51.307603" lon="-1.312079">
        <ele>276.967909</ele>
        <time>2026-05-09T11:37:40.243Z</time>
      </trkpt>
      <trkpt lat="51.307593" lon="-1.311914">
        <ele>276.563958</ele>
        <time>2026-05-09T11:37:47.258Z</time>
      </trkpt>
      <trkpt lat="51.307578" lon="-1.311762">
        <ele>276.188983</ele>
        <time>2026-05-09T11:37:54.254Z</time>
      </trkpt>
      <trkpt lat="51.307563" lon="-1.311615">
        <ele>275.826038</ele>
        <time>2026-05-09T11:38:00.274Z</time>
      </trkpt>
      <trkpt lat="51.307554" lon="-1.311454">
        <ele>275.432153</ele>
        <time>2026-05-09T11:38:07.262Z</time>
      </trkpt>
      <trkpt lat="51.307546" lon="-1.311301">
        <ele>275.09061</ele>
        <time>2026-05-09T11:38:14.238Z</time>
      </trkpt>
      <trkpt lat="51.307531" lon="-1.311157">
        <ele>274.786324</ele>
        <time>2026-05-09T11:38:20.256Z</time>
      </trkpt>
      <trkpt lat="51.307521" lon="-1.31099">
        <ele>274.436642</ele>
        <time>2026-05-09T11:38:27.263Z</time>
      </trkpt>
      <trkpt lat="51.307505" lon="-1.310837">
        <ele>274.113303</ele>
        <time>2026-05-09T11:38:34.251Z</time>
      </trkpt>
      <trkpt lat="51.307492" lon="-1.310673">
        <ele>273.76873</ele>
        <time>2026-05-09T11:38:41.255Z</time>
      </trkpt>
      <trkpt lat="51.307489" lon="-1.310526">
        <ele>273.462165</ele>
        <time>2026-05-09T11:38:47.251Z</time>
      </trkpt>
      <trkpt lat="51.307469" lon="-1.310366">
        <ele>273.122065</ele>
        <time>2026-05-09T11:38:54.261Z</time>
      </trkpt>
      <trkpt lat="51.307466" lon="-1.310207">
        <ele>272.7905</ele>
        <time>2026-05-09T11:39:01.260Z</time>
      </trkpt>
      <trkpt lat="51.307457" lon="-1.310041">
        <ele>272.443197</ele>
        <time>2026-05-09T11:39:08.254Z</time>
      </trkpt>
      <trkpt lat="51.307443" lon="-1.309884">
        <ele>272.112639</ele>
        <time>2026-05-09T11:39:15.268Z</time>
      </trkpt>
      <trkpt lat="51.307433" lon="-1.309726">
        <ele>271.781625</ele>
        <time>2026-05-09T11:39:22.258Z</time>
      </trkpt>
      <trkpt lat="51.307421" lon="-1.309563">
        <ele>271.439526</ele>
        <time>2026-05-09T11:39:29.245Z</time>
      </trkpt>
      <trkpt lat="51.30741" lon="-1.309407">
        <ele>271.112302</ele>
        <time>2026-05-09T11:39:36.266Z</time>
      </trkpt>
      <trkpt lat="51.307398" lon="-1.309264">
        <ele>270.811564</ele>
        <time>2026-05-09T11:39:42.254Z</time>
      </trkpt>
      <trkpt lat="51.307381" lon="-1.3091">
        <ele>270.46506</ele>
        <time>2026-05-09T11:39:49.277Z</time>
      </trkpt>
      <trkpt lat="51.307376" lon="-1.308943">
        <ele>270.13739</ele>
        <time>2026-05-09T11:39:56.252Z</time>
      </trkpt>
      <trkpt lat="51.307364" lon="-1.308784">
        <ele>269.803569</ele>
        <time>2026-05-09T11:40:03.261Z</time>
      </trkpt>
      <trkpt lat="51.307353" lon="-1.308618">
        <ele>269.455625</ele>
        <time>2026-05-09T11:40:10.263Z</time>
      </trkpt>
      <trkpt lat="51.30734" lon="-1.308454">
        <ele>269.177025</ele>
        <time>2026-05-09T11:40:17.251Z</time>
      </trkpt>
      <trkpt lat="51.307326" lon="-1.308309">
        <ele>268.986376</ele>
        <time>2026-05-09T11:40:23.246Z</time>
      </trkpt>
      <trkpt lat="51.30731" lon="-1.308157">
        <ele>268.786085</ele>
        <time>2026-05-09T11:40:29.254Z</time>
      </trkpt>
      <trkpt lat="51.307304" lon="-1.308003">
        <ele>268.585587</ele>
        <time>2026-05-09T11:40:35.253Z</time>
      </trkpt>
      <trkpt lat="51.307291" lon="-1.307842">
        <ele>268.374643</ele>
        <time>2026-05-09T11:40:42.259Z</time>
      </trkpt>
      <trkpt lat="51.307281" lon="-1.307697">
        <ele>268.185084</ele>
        <time>2026-05-09T11:40:48.253Z</time>
      </trkpt>
      <trkpt lat="51.307267" lon="-1.307537">
        <ele>267.975151</ele>
        <time>2026-05-09T11:40:55.260Z</time>
      </trkpt>
      <trkpt lat="51.307253" lon="-1.307375">
        <ele>267.762644</ele>
        <time>2026-05-09T11:41:02.255Z</time>
      </trkpt>
      <trkpt lat="51.307241" lon="-1.307212">
        <ele>267.549375</ele>
        <time>2026-05-09T11:41:09.255Z</time>
      </trkpt>
      <trkpt lat="51.307229" lon="-1.307051">
        <ele>267.338687</ele>
        <time>2026-05-09T11:41:16.261Z</time>
      </trkpt>
      <trkpt lat="51.307216" lon="-1.306891">
        <ele>267.129032</ele>
        <time>2026-05-09T11:41:23.252Z</time>
      </trkpt>
      <trkpt lat="51.30721" lon="-1.306729">
        <ele>266.918157</ele>
        <time>2026-05-09T11:41:30.249Z</time>
      </trkpt>
      <trkpt lat="51.307215" lon="-1.306578">
        <ele>266.72167</ele>
        <time>2026-05-09T11:41:37.227Z</time>
      </trkpt>
      <trkpt lat="51.307272" lon="-1.306459">
        <ele>266.526867</ele>
        <time>2026-05-09T11:41:43.230Z</time>
      </trkpt>
      <trkpt lat="51.307341" lon="-1.306358">
        <ele>266.33246</ele>
        <time>2026-05-09T11:41:50.235Z</time>
      </trkpt>
      <trkpt lat="51.307445" lon="-1.306328">
        <ele>266.1128</ele>
        <time>2026-05-09T11:41:57.245Z</time>
      </trkpt>
      <trkpt lat="51.307551" lon="-1.306318">
        <ele>265.892087</ele>
        <time>2026-05-09T11:42:05.227Z</time>
      </trkpt>
      <trkpt lat="51.307647" lon="-1.306308">
        <ele>265.69212</ele>
        <time>2026-05-09T11:42:11.239Z</time>
      </trkpt>
      <trkpt lat="51.307751" lon="-1.306299">
        <ele>265.509327</ele>
        <time>2026-05-09T11:42:18.230Z</time>
      </trkpt>
      <trkpt lat="51.307842" lon="-1.306289">
        <ele>265.408501</ele>
        <time>2026-05-09T11:42:24.244Z</time>
      </trkpt>
      <trkpt lat="51.307933" lon="-1.306288">
        <ele>265.307909</ele>
        <time>2026-05-09T11:42:30.238Z</time>
      </trkpt>
      <trkpt lat="51.308025" lon="-1.306285">
        <ele>265.206192</ele>
        <time>2026-05-09T11:42:37.254Z</time>
      </trkpt>
      <trkpt lat="51.308119" lon="-1.306275">
        <ele>265.102057</ele>
        <time>2026-05-09T11:42:43.257Z</time>
      </trkpt>
      <trkpt lat="51.308213" lon="-1.306234">
        <ele>264.994358</ele>
        <time>2026-05-09T11:42:50.264Z</time>
      </trkpt>
      <trkpt lat="51.308298" lon="-1.306156">
        <ele>264.886039</ele>
        <time>2026-05-09T11:42:57.251Z</time>
      </trkpt>
      <trkpt lat="51.308379" lon="-1.306064">
        <ele>264.776229</ele>
        <time>2026-05-09T11:43:04.282Z</time>
      </trkpt>
      <trkpt lat="51.308444" lon="-1.305961">
        <ele>264.675096</ele>
        <time>2026-05-09T11:43:10.266Z</time>
      </trkpt>
      <trkpt lat="51.308489" lon="-1.305819">
        <ele>264.565085</ele>
        <time>2026-05-09T11:43:17.267Z</time>
      </trkpt>
      <trkpt lat="51.308513" lon="-1.305655">
        <ele>264.448697</ele>
        <time>2026-05-09T11:43:24.256Z</time>
      </trkpt>
      <trkpt lat="51.308536" lon="-1.305492">
        <ele>264.33323</ele>
        <time>2026-05-09T11:43:31.264Z</time>
      </trkpt>
      <trkpt lat="51.308548" lon="-1.305329">
        <ele>264.219818</ele>
        <time>2026-05-09T11:43:38.281Z</time>
      </trkpt>
      <trkpt lat="51.308567" lon="-1.305162">
        <ele>264.102525</ele>
        <time>2026-05-09T11:43:45.264Z</time>
      </trkpt>
      <trkpt lat="51.308577" lon="-1.304995">
        <ele>263.986599</ele>
        <time>2026-05-09T11:43:52.264Z</time>
      </trkpt>
      <trkpt lat="51.308579" lon="-1.304834">
        <ele>263.875326</ele>
        <time>2026-05-09T11:43:59.261Z</time>
      </trkpt>
      <trkpt lat="51.308578" lon="-1.304674">
        <ele>263.76476</ele>
        <time>2026-05-09T11:44:06.268Z</time>
      </trkpt>
      <trkpt lat="51.308575" lon="-1.304523">
        <ele>263.660366</ele>
        <time>2026-05-09T11:44:12.267Z</time>
      </trkpt>
      <trkpt lat="51.308568" lon="-1.304355">
        <ele>263.525701</ele>
        <time>2026-05-09T11:44:19.253Z</time>
      </trkpt>
      <trkpt lat="51.308547" lon="-1.304189">
        <ele>263.269404</ele>
        <time>2026-05-09T11:44:26.273Z</time>
      </trkpt>
      <trkpt lat="51.308542" lon="-1.304022">
        <ele>263.016396</ele>
        <time>2026-05-09T11:44:33.279Z</time>
      </trkpt>
      <trkpt lat="51.308527" lon="-1.303865">
        <ele>262.776051</ele>
        <time>2026-05-09T11:44:40.255Z</time>
      </trkpt>
      <trkpt lat="51.308496" lon="-1.303711">
        <ele>262.531221</ele>
        <time>2026-05-09T11:44:47.256Z</time>
      </trkpt>
      <trkpt lat="51.308465" lon="-1.303573">
        <ele>262.309313</ele>
        <time>2026-05-09T11:44:53.273Z</time>
      </trkpt>
      <trkpt lat="51.308433" lon="-1.303417">
        <ele>262.060856</ele>
        <time>2026-05-09T11:45:00.251Z</time>
      </trkpt>
      <trkpt lat="51.308397" lon="-1.303268">
        <ele>261.81912</ele>
        <time>2026-05-09T11:45:07.255Z</time>
      </trkpt>
      <trkpt lat="51.308382" lon="-1.303103">
        <ele>261.566801</ele>
        <time>2026-05-09T11:45:14.263Z</time>
      </trkpt>
      <trkpt lat="51.308354" lon="-1.302964">
        <ele>261.345803</ele>
        <time>2026-05-09T11:45:20.273Z</time>
      </trkpt>
      <trkpt lat="51.308317" lon="-1.302814">
        <ele>261.101777</ele>
        <time>2026-05-09T11:45:27.278Z</time>
      </trkpt>
      <trkpt lat="51.308278" lon="-1.302679">
        <ele>260.876723</ele>
        <time>2026-05-09T11:45:33.256Z</time>
      </trkpt>
      <trkpt lat="51.308197" lon="-1.302584">
        <ele>260.633585</ele>
        <time>2026-05-09T11:45:39.285Z</time>
      </trkpt>
      <trkpt lat="51.308119" lon="-1.302484">
        <ele>260.391607</ele>
        <time>2026-05-09T11:45:46.257Z</time>
      </trkpt>
      <trkpt lat="51.308038" lon="-1.302416">
        <ele>260.170163</ele>
        <time>2026-05-09T11:45:52.269Z</time>
      </trkpt>
      <trkpt lat="51.307955" lon="-1.302319">
        <ele>259.92133</ele>
        <time>2026-05-09T11:45:59.278Z</time>
      </trkpt>
      <trkpt lat="51.307877" lon="-1.302233">
        <ele>259.692004</ele>
        <time>2026-05-09T11:46:05.275Z</time>
      </trkpt>
      <trkpt lat="51.307797" lon="-1.302136">
        <ele>259.448997</ele>
        <time>2026-05-09T11:46:12.278Z</time>
      </trkpt>
      <trkpt lat="51.307711" lon="-1.302033">
        <ele>259.157649</ele>
        <time>2026-05-09T11:46:19.264Z</time>
      </trkpt>
      <trkpt lat="51.307638" lon="-1.301948">
        <ele>258.522113</ele>
        <time>2026-05-09T11:46:25.261Z</time>
      </trkpt>
      <trkpt lat="51.307557" lon="-1.301849">
        <ele>257.804604</ele>
        <time>2026-05-09T11:46:32.271Z</time>
      </trkpt>
      <trkpt lat="51.30748" lon="-1.301764">
        <ele>257.146096</ele>
        <time>2026-05-09T11:46:38.255Z</time>
      </trkpt>
      <trkpt lat="51.307399" lon="-1.301674">
        <ele>256.451916</ele>
        <time>2026-05-09T11:46:45.275Z</time>
      </trkpt>
      <trkpt lat="51.307329" lon="-1.301581">
        <ele>255.811428</ele>
        <time>2026-05-09T11:46:51.262Z</time>
      </trkpt>
      <trkpt lat="51.307258" lon="-1.301472">
        <ele>255.118761</ele>
        <time>2026-05-09T11:46:58.264Z</time>
      </trkpt>
      <trkpt lat="51.307183" lon="-1.301382">
        <ele>254.458825</ele>
        <time>2026-05-09T11:47:04.263Z</time>
      </trkpt>
      <trkpt lat="51.30711" lon="-1.301275">
        <ele>253.761908</ele>
        <time>2026-05-09T11:47:11.292Z</time>
      </trkpt>
      <trkpt lat="51.307035" lon="-1.301169">
        <ele>253.057468</ele>
        <time>2026-05-09T11:47:18.241Z</time>
      </trkpt>
      <trkpt lat="51.306967" lon="-1.301069">
        <ele>252.407306</ele>
        <time>2026-05-09T11:47:24.234Z</time>
      </trkpt>
      <trkpt lat="51.306911" lon="-1.300956">
        <ele>251.772795</ele>
        <time>2026-05-09T11:47:30.233Z</time>
      </trkpt>
      <trkpt lat="51.306849" lon="-1.300839">
        <ele>251.097891</ele>
        <time>2026-05-09T11:47:36.223Z</time>
      </trkpt>
      <trkpt lat="51.306789" lon="-1.3007">
        <ele>250.354617</ele>
        <time>2026-05-09T11:47:43.238Z</time>
      </trkpt>
      <trkpt lat="51.306743" lon="-1.300562">
        <ele>249.666452</ele>
        <time>2026-05-09T11:47:50.221Z</time>
      </trkpt>
      <trkpt lat="51.306703" lon="-1.300428">
        <ele>249.013046</ele>
        <time>2026-05-09T11:47:56.242Z</time>
      </trkpt>
      <trkpt lat="51.306636" lon="-1.300303">
        <ele>248.288519</ele>
        <time>2026-05-09T11:48:03.239Z</time>
      </trkpt>
      <trkpt lat="51.306542" lon="-1.300234">
        <ele>247.56054</ele>
        <time>2026-05-09T11:48:12.229Z</time>
      </trkpt>
      <trkpt lat="51.306482" lon="-1.300106">
        <ele>246.856557</ele>
        <time>2026-05-09T11:48:18.263Z</time>
      </trkpt>
      <trkpt lat="51.306482" lon="-1.29994">
        <ele>246.158422</ele>
        <time>2026-05-09T11:48:25.263Z</time>
      </trkpt>
      <trkpt lat="51.306476" lon="-1.299795">
        <ele>245.568291</ele>
        <time>2026-05-09T11:48:31.269Z</time>
      </trkpt>
      <trkpt lat="51.306445" lon="-1.299643">
        <ele>244.919004</ele>
        <time>2026-05-09T11:48:37.259Z</time>
      </trkpt>
      <trkpt lat="51.306434" lon="-1.299492">
        <ele>244.301646</ele>
        <time>2026-05-09T11:48:44.274Z</time>
      </trkpt>
      <trkpt lat="51.306404" lon="-1.299338">
        <ele>243.646594</ele>
        <time>2026-05-09T11:48:51.232Z</time>
      </trkpt>
      <trkpt lat="51.306414" lon="-1.299185">
        <ele>243.021877</ele>
        <time>2026-05-09T11:48:58.237Z</time>
      </trkpt>
      <trkpt lat="51.306513" lon="-1.299152">
        <ele>242.364961</ele>
        <time>2026-05-09T11:49:20.247Z</time>
      </trkpt>
      <trkpt lat="51.306603" lon="-1.299129">
        <ele>241.77291</ele>
        <time>2026-05-09T11:49:33.241Z</time>
      </trkpt>
      <trkpt lat="51.306749" lon="-1.299219">
        <ele>240.756513</ele>
        <time>2026-05-09T11:50:02.242Z</time>
      </trkpt>
      <trkpt lat="51.306832" lon="-1.299311">
        <ele>240.100554</ele>
        <time>2026-05-09T11:50:09.242Z</time>
      </trkpt>
      <trkpt lat="51.306929" lon="-1.299366">
        <ele>239.432031</ele>
        <time>2026-05-09T11:50:16.248Z</time>
      </trkpt>
      <trkpt lat="51.30702" lon="-1.299441">
        <ele>238.767049</ele>
        <time>2026-05-09T11:50:22.211Z</time>
      </trkpt>
      <trkpt lat="51.307106" lon="-1.299539">
        <ele>238.081138</ele>
        <time>2026-05-09T11:50:30.239Z</time>
      </trkpt>
      <trkpt lat="51.307203" lon="-1.299587">
        <ele>237.421568</ele>
        <time>2026-05-09T11:50:37.230Z</time>
      </trkpt>
      <trkpt lat="51.307302" lon="-1.299638">
        <ele>236.745941</ele>
        <time>2026-05-09T11:50:43.233Z</time>
      </trkpt>
      <trkpt lat="51.307383" lon="-1.29971">
        <ele>236.143988</ele>
        <time>2026-05-09T11:50:50.216Z</time>
      </trkpt>
      <trkpt lat="51.307471" lon="-1.299778">
        <ele>235.50914</ele>
        <time>2026-05-09T11:50:57.225Z</time>
      </trkpt>
      <trkpt lat="51.307567" lon="-1.29981">
        <ele>234.872132</ele>
        <time>2026-05-09T11:51:03.239Z</time>
      </trkpt>
      <trkpt lat="51.307668" lon="-1.299834">
        <ele>234.433012</ele>
        <time>2026-05-09T11:51:11.220Z</time>
      </trkpt>
      <trkpt lat="51.307758" lon="-1.299878">
        <ele>234.031741</ele>
        <time>2026-05-09T11:51:16.238Z</time>
      </trkpt>
      <trkpt lat="51.30785" lon="-1.299871">
        <ele>233.639021</ele>
        <time>2026-05-09T11:51:23.221Z</time>
      </trkpt>
      <trkpt lat="51.307937" lon="-1.299904">
        <ele>233.257778</ele>
        <time>2026-05-09T11:51:30.236Z</time>
      </trkpt>
      <trkpt lat="51.308047" lon="-1.299891">
        <ele>232.787474</ele>
        <time>2026-05-09T11:51:37.219Z</time>
      </trkpt>
      <trkpt lat="51.308142" lon="-1.299877">
        <ele>232.38069</ele>
        <time>2026-05-09T11:51:45.220Z</time>
      </trkpt>
      <trkpt lat="51.308244" lon="-1.299873">
        <ele>231.945645</ele>
        <time>2026-05-09T11:51:50.224Z</time>
      </trkpt>
      <trkpt lat="51.308335" lon="-1.29985">
        <ele>231.552819</ele>
        <time>2026-05-09T11:51:58.232Z</time>
      </trkpt>
      <trkpt lat="51.308438" lon="-1.299846">
        <ele>231.11351</ele>
        <time>2026-05-09T11:52:04.227Z</time>
      </trkpt>
      <trkpt lat="51.308537" lon="-1.29985">
        <ele>230.691252</ele>
        <time>2026-05-09T11:52:10.268Z</time>
      </trkpt>
      <trkpt lat="51.308633" lon="-1.299847">
        <ele>230.281842</ele>
        <time>2026-05-09T11:52:18.231Z</time>
      </trkpt>
      <trkpt lat="51.308729" lon="-1.29986">
        <ele>229.871046</ele>
        <time>2026-05-09T11:52:25.217Z</time>
      </trkpt>
      <trkpt lat="51.308827" lon="-1.299894">
        <ele>229.443472</ele>
        <time>2026-05-09T11:52:31.224Z</time>
      </trkpt>
      <trkpt lat="51.308927" lon="-1.299896">
        <ele>229.017051</ele>
        <time>2026-05-09T11:52:37.230Z</time>
      </trkpt>
      <trkpt lat="51.30902" lon="-1.299903">
        <ele>228.620072</ele>
        <time>2026-05-09T11:52:44.231Z</time>
      </trkpt>
      <trkpt lat="51.309114" lon="-1.299905">
        <ele>228.219233</ele>
        <time>2026-05-09T11:52:51.206Z</time>
      </trkpt>
      <trkpt lat="51.309204" lon="-1.299912">
        <ele>227.835031</ele>
        <time>2026-05-09T11:52:57.228Z</time>
      </trkpt>
      <trkpt lat="51.30931" lon="-1.299936">
        <ele>227.378556</ele>
        <time>2026-05-09T11:53:06.227Z</time>
      </trkpt>
      <trkpt lat="51.309412" lon="-1.299942">
        <ele>226.699722</ele>
        <time>2026-05-09T11:53:13.232Z</time>
      </trkpt>
      <trkpt lat="51.309505" lon="-1.299981">
        <ele>225.888217</ele>
        <time>2026-05-09T11:53:18.220Z</time>
      </trkpt>
      <trkpt lat="51.309593" lon="-1.300045">
        <ele>225.072281</ele>
        <time>2026-05-09T11:53:25.231Z</time>
      </trkpt>
      <trkpt lat="51.309672" lon="-1.300116">
        <ele>224.307442</ele>
        <time>2026-05-09T11:53:32.225Z</time>
      </trkpt>
      <trkpt lat="51.309751" lon="-1.300214">
        <ele>223.463633</ele>
        <time>2026-05-09T11:53:39.215Z</time>
      </trkpt>
      <trkpt lat="51.309815" lon="-1.300329">
        <ele>222.65123</ele>
        <time>2026-05-09T11:53:47.229Z</time>
      </trkpt>
      <trkpt lat="51.30987" lon="-1.300463">
        <ele>221.805415</ele>
        <time>2026-05-09T11:53:55.234Z</time>
      </trkpt>
      <trkpt lat="51.309948" lon="-1.300566">
        <ele>220.951715</ele>
        <time>2026-05-09T11:54:01.262Z</time>
      </trkpt>
      <trkpt lat="51.309999" lon="-1.300694">
        <ele>220.150822</ele>
        <time>2026-05-09T11:54:07.222Z</time>
      </trkpt>
      <trkpt lat="51.310046" lon="-1.300825">
        <ele>219.35387</ele>
        <time>2026-05-09T11:54:11.231Z</time>
      </trkpt>
      <trkpt lat="51.310072" lon="-1.300976">
        <ele>218.527476</ele>
        <time>2026-05-09T11:54:19.238Z</time>
      </trkpt>
      <trkpt lat="51.310101" lon="-1.301124">
        <ele>217.709118</ele>
        <time>2026-05-09T11:54:25.173Z</time>
      </trkpt>
      <trkpt lat="51.310135" lon="-1.301273">
        <ele>216.872207</ele>
        <time>2026-05-09T11:54:33.236Z</time>
      </trkpt>
      <trkpt lat="51.310174" lon="-1.301419">
        <ele>216.034481</ele>
        <time>2026-05-09T11:54:38.233Z</time>
      </trkpt>
      <trkpt lat="51.310208" lon="-1.301581">
        <ele>215.132832</ele>
        <time>2026-05-09T11:54:46.218Z</time>
      </trkpt>
      <trkpt lat="51.310233" lon="-1.301736">
        <ele>214.288223</ele>
        <time>2026-05-09T11:54:54.230Z</time>
      </trkpt>
      <trkpt lat="51.31024" lon="-1.30189">
        <ele>213.47353</ele>
        <time>2026-05-09T11:55:00.219Z</time>
      </trkpt>
      <trkpt lat="51.31025" lon="-1.302042">
        <ele>212.667105</ele>
        <time>2026-05-09T11:55:06.238Z</time>
      </trkpt>
      <trkpt lat="51.310265" lon="-1.302199">
        <ele>211.821752</ele>
        <time>2026-05-09T11:55:14.218Z</time>
      </trkpt>
      <trkpt lat="51.31024" lon="-1.302343">
        <ele>211.001194</ele>
        <time>2026-05-09T11:55:21.219Z</time>
      </trkpt>
      <trkpt lat="51.310255" lon="-1.302488">
        <ele>210.194244</ele>
        <time>2026-05-09T11:55:35.218Z</time>
      </trkpt>
      <trkpt lat="51.31025" lon="-1.302632">
        <ele>209.402394</ele>
        <time>2026-05-09T11:55:42.253Z</time>
      </trkpt>
      <trkpt lat="51.310245" lon="-1.302789">
        <ele>208.539268</ele>
        <time>2026-05-09T11:55:49.222Z</time>
      </trkpt>
      <trkpt lat="51.310279" lon="-1.302941">
        <ele>207.652891</ele>
        <time>2026-05-09T11:55:55.234Z</time>
      </trkpt>
      <trkpt lat="51.310282" lon="-1.303088">
        <ele>206.845358</ele>
        <time>2026-05-09T11:56:02.247Z</time>
      </trkpt>
      <trkpt lat="51.310329" lon="-1.303225">
        <ele>205.987326</ele>
        <time>2026-05-09T11:56:10.242Z</time>
      </trkpt>
      <trkpt lat="51.310384" lon="-1.303358">
        <ele>205.111762</ele>
        <time>2026-05-09T11:56:16.240Z</time>
      </trkpt>
      <trkpt lat="51.310445" lon="-1.303476">
        <ele>204.271043</ele>
        <time>2026-05-09T11:56:23.197Z</time>
      </trkpt>
      <trkpt lat="51.310504" lon="-1.303596">
        <ele>203.432806</ele>
        <time>2026-05-09T11:56:43.213Z</time>
      </trkpt>
      <trkpt lat="51.310593" lon="-1.303669">
        <ele>202.554326</ele>
        <time>2026-05-09T11:56:49.253Z</time>
      </trkpt>
      <trkpt lat="51.310684" lon="-1.303714">
        <ele>201.717726</ele>
        <time>2026-05-09T11:56:57.220Z</time>
      </trkpt>
      <trkpt lat="51.310776" lon="-1.303698">
        <ele>200.904897</ele>
        <time>2026-05-09T11:57:02.239Z</time>
      </trkpt>
      <trkpt lat="51.310867" lon="-1.303693">
        <ele>200.105141</ele>
        <time>2026-05-09T11:57:08.244Z</time>
      </trkpt>
      <trkpt lat="51.310969" lon="-1.303684">
        <ele>199.207878</ele>
        <time>2026-05-09T11:57:16.210Z</time>
      </trkpt>
      <trkpt lat="51.311066" lon="-1.30371">
        <ele>198.344017</ele>
        <time>2026-05-09T11:57:23.237Z</time>
      </trkpt>
      <trkpt lat="51.311165" lon="-1.303717">
        <ele>197.473617</ele>
        <time>2026-05-09T11:57:29.214Z</time>
      </trkpt>
      <trkpt lat="51.311267" lon="-1.303747">
        <ele>196.5627</ele>
        <time>2026-05-09T11:57:37.227Z</time>
      </trkpt>
      <trkpt lat="51.31136" lon="-1.303779">
        <ele>195.786968</ele>
        <time>2026-05-09T11:57:43.205Z</time>
      </trkpt>
      <trkpt lat="51.311451" lon="-1.303789">
        <ele>195.084575</ele>
        <time>2026-05-09T11:57:50.252Z</time>
      </trkpt>
      <trkpt lat="51.311553" lon="-1.303822">
        <ele>194.283228</ele>
        <time>2026-05-09T11:57:56.276Z</time>
      </trkpt>
      <trkpt lat="51.311662" lon="-1.303838">
        <ele>193.440353</ele>
        <time>2026-05-09T11:58:02.222Z</time>
      </trkpt>
      <trkpt lat="51.311751" lon="-1.303874">
        <ele>192.733445</ele>
        <time>2026-05-09T11:58:13.222Z</time>
      </trkpt>
      <trkpt lat="51.311847" lon="-1.303852">
        <ele>191.986655</ele>
        <time>2026-05-09T11:58:21.204Z</time>
      </trkpt>
      <trkpt lat="51.31194" lon="-1.303836">
        <ele>191.266384</ele>
        <time>2026-05-09T11:58:27.245Z</time>
      </trkpt>
      <trkpt lat="51.312037" lon="-1.30384">
        <ele>190.519191</ele>
        <time>2026-05-09T11:58:32.228Z</time>
      </trkpt>
      <trkpt lat="51.312132" lon="-1.303808">
        <ele>189.771608</ele>
        <time>2026-05-09T11:58:39.229Z</time>
      </trkpt>
      <trkpt lat="51.31223" lon="-1.303784">
        <ele>189.008173</ele>
        <time>2026-05-09T11:58:45.228Z</time>
      </trkpt>
      <trkpt lat="51.312335" lon="-1.303814">
        <ele>188.186832</ele>
        <time>2026-05-09T11:58:51.178Z</time>
      </trkpt>
      <trkpt lat="51.312434" lon="-1.303813">
        <ele>187.424472</ele>
        <time>2026-05-09T11:58:57.193Z</time>
      </trkpt>
      <trkpt lat="51.312532" lon="-1.303784">
        <ele>186.657026</ele>
        <time>2026-05-09T11:59:04.204Z</time>
      </trkpt>
      <trkpt lat="51.312614" lon="-1.303711">
        <ele>185.934408</ele>
        <time>2026-05-09T11:59:11.218Z</time>
      </trkpt>
      <trkpt lat="51.312706" lon="-1.303712">
        <ele>185.22595</ele>
        <time>2026-05-09T11:59:17.236Z</time>
      </trkpt>
      <trkpt lat="51.312812" lon="-1.303695">
        <ele>184.405611</ele>
        <time>2026-05-09T11:59:25.241Z</time>
      </trkpt>
      <trkpt lat="51.312913" lon="-1.303682">
        <ele>183.625352</ele>
        <time>2026-05-09T11:59:32.247Z</time>
      </trkpt>
      <trkpt lat="51.31301" lon="-1.303672">
        <ele>182.876858</ele>
        <time>2026-05-09T11:59:38.232Z</time>
      </trkpt>
      <trkpt lat="51.313113" lon="-1.303685">
        <ele>182.279651</ele>
        <time>2026-05-09T11:59:44.238Z</time>
      </trkpt>
      <trkpt lat="51.313212" lon="-1.30368">
        <ele>182.056252</ele>
        <time>2026-05-09T11:59:50.232Z</time>
      </trkpt>
      <trkpt lat="51.313314" lon="-1.303674">
        <ele>181.826042</ele>
        <time>2026-05-09T11:59:56.232Z</time>
      </trkpt>
      <trkpt lat="51.31342" lon="-1.303675">
        <ele>181.586961</ele>
        <time>2026-05-09T12:00:04.262Z</time>
      </trkpt>
      <trkpt lat="51.313516" lon="-1.303661">
        <ele>181.369542</ele>
        <time>2026-05-09T12:00:12.262Z</time>
      </trkpt>
      <trkpt lat="51.313612" lon="-1.303666">
        <ele>181.152905</ele>
        <time>2026-05-09T12:00:19.222Z</time>
      </trkpt>
      <trkpt lat="51.313705" lon="-1.303654">
        <ele>180.942468</ele>
        <time>2026-05-09T12:00:25.244Z</time>
      </trkpt>
      <trkpt lat="51.313795" lon="-1.303634">
        <ele>180.73753</ele>
        <time>2026-05-09T12:00:32.258Z</time>
      </trkpt>
      <trkpt lat="51.313892" lon="-1.303624">
        <ele>180.518299</ele>
        <time>2026-05-09T12:00:37.225Z</time>
      </trkpt>
      <trkpt lat="51.313984" lon="-1.303642">
        <ele>180.309253</ele>
        <time>2026-05-09T12:00:44.238Z</time>
      </trkpt>
      <trkpt lat="51.314077" lon="-1.303624">
        <ele>180.097968</ele>
        <time>2026-05-09T12:00:50.272Z</time>
      </trkpt>
      <trkpt lat="51.314179" lon="-1.303627">
        <ele>179.867874</ele>
        <time>2026-05-09T12:00:57.234Z</time>
      </trkpt>
      <trkpt lat="51.314282" lon="-1.303648">
        <ele>179.633685</ele>
        <time>2026-05-09T12:01:04.225Z</time>
      </trkpt>
      <trkpt lat="51.314383" lon="-1.303627">
        <ele>179.403971</ele>
        <time>2026-05-09T12:01:11.261Z</time>
      </trkpt>
      <trkpt lat="51.314473" lon="-1.303614">
        <ele>179.200156</ele>
        <time>2026-05-09T12:01:16.246Z</time>
      </trkpt>
      <trkpt lat="51.314564" lon="-1.303606">
        <ele>178.994601</ele>
        <time>2026-05-09T12:01:23.247Z</time>
      </trkpt>
      <trkpt lat="51.31466" lon="-1.303617">
        <ele>178.777525</ele>
        <time>2026-05-09T12:01:30.239Z</time>
      </trkpt>
      <trkpt lat="51.314753" lon="-1.303623">
        <ele>178.567599</ele>
        <time>2026-05-09T12:01:35.233Z</time>
      </trkpt>
      <trkpt lat="51.314854" lon="-1.303639">
        <ele>178.338685</ele>
        <time>2026-05-09T12:01:41.237Z</time>
      </trkpt>
      <trkpt lat="51.314945" lon="-1.303622">
        <ele>178.171553</ele>
        <time>2026-05-09T12:01:50.250Z</time>
      </trkpt>
      <trkpt lat="51.315036" lon="-1.303601">
        <ele>178.011522</ele>
        <time>2026-05-09T12:01:55.205Z</time>
      </trkpt>
      <trkpt lat="51.31513" lon="-1.303607">
        <ele>177.847779</ele>
        <time>2026-05-09T12:02:01.246Z</time>
      </trkpt>
      <trkpt lat="51.315224" lon="-1.303616">
        <ele>177.683873</ele>
        <time>2026-05-09T12:02:07.244Z</time>
      </trkpt>
      <trkpt lat="51.315326" lon="-1.303626">
        <ele>177.506003</ele>
        <time>2026-05-09T12:02:13.238Z</time>
      </trkpt>
      <trkpt lat="51.315428" lon="-1.303622">
        <ele>177.328412</ele>
        <time>2026-05-09T12:02:21.243Z</time>
      </trkpt>
      <trkpt lat="51.315538" lon="-1.303627">
        <ele>177.136872</ele>
        <time>2026-05-09T12:02:29.232Z</time>
      </trkpt>
      <trkpt lat="51.315643" lon="-1.303629">
        <ele>176.9541</ele>
        <time>2026-05-09T12:02:37.242Z</time>
      </trkpt>
      <trkpt lat="51.31574" lon="-1.303626">
        <ele>176.785234</ele>
        <time>2026-05-09T12:02:44.245Z</time>
      </trkpt>
      <trkpt lat="51.315835" lon="-1.303676">
        <ele>176.611163</ele>
        <time>2026-05-09T12:02:48.193Z</time>
      </trkpt>
      <trkpt lat="51.315928" lon="-1.303683">
        <ele>176.449111</ele>
        <time>2026-05-09T12:02:56.229Z</time>
      </trkpt>
      <trkpt lat="51.316029" lon="-1.303677">
        <ele>176.273193</ele>
        <time>2026-05-09T12:03:02.229Z</time>
      </trkpt>
      <trkpt lat="51.316134" lon="-1.303666">
        <ele>176.090043</ele>
        <time>2026-05-09T12:03:11.233Z</time>
      </trkpt>
      <trkpt lat="51.316233" lon="-1.30369">
        <ele>175.91576</ele>
        <time>2026-05-09T12:03:17.230Z</time>
      </trkpt>
      <trkpt lat="51.316329" lon="-1.303687">
        <ele>175.748634</ele>
        <time>2026-05-09T12:03:27.196Z</time>
      </trkpt>
      <trkpt lat="51.316429" lon="-1.303701">
        <ele>175.573912</ele>
        <time>2026-05-09T12:03:35.201Z</time>
      </trkpt>
      <trkpt lat="51.316517" lon="-1.303737">
        <ele>175.415815</ele>
        <time>2026-05-09T12:03:49.216Z</time>
      </trkpt>
      <trkpt lat="51.316584" lon="-1.303838">
        <ele>175.255589</ele>
        <time>2026-05-09T12:03:54.210Z</time>
      </trkpt>
      <trkpt lat="51.316621" lon="-1.303971">
        <ele>175.251423</ele>
        <time>2026-05-09T12:04:00.236Z</time>
      </trkpt>
      <trkpt lat="51.316667" lon="-1.304114">
        <ele>175.425777</ele>
        <time>2026-05-09T12:04:07.208Z</time>
      </trkpt>
      <trkpt lat="51.316717" lon="-1.304243">
        <ele>175.590335</ele>
        <time>2026-05-09T12:04:14.243Z</time>
      </trkpt>
      <trkpt lat="51.316767" lon="-1.304389">
        <ele>175.770817</ele>
        <time>2026-05-09T12:04:21.222Z</time>
      </trkpt>
      <trkpt lat="51.316807" lon="-1.304524">
        <ele>175.932783</ele>
        <time>2026-05-09T12:04:28.224Z</time>
      </trkpt>
      <trkpt lat="51.316858" lon="-1.304661">
        <ele>176.105653</ele>
        <time>2026-05-09T12:04:34.265Z</time>
      </trkpt>
      <trkpt lat="51.316907" lon="-1.304806">
        <ele>176.284353</ele>
        <time>2026-05-09T12:04:41.288Z</time>
      </trkpt>
      <trkpt lat="51.316924" lon="-1.304958">
        <ele>176.451753</ele>
        <time>2026-05-09T12:04:48.301Z</time>
      </trkpt>
      <trkpt lat="51.316945" lon="-1.305105">
        <ele>176.615225</ele>
        <time>2026-05-09T12:04:54.278Z</time>
      </trkpt>
      <trkpt lat="51.316945" lon="-1.305254">
        <ele>176.776756</ele>
        <time>2026-05-09T12:05:01.274Z</time>
      </trkpt>
      <trkpt lat="51.316958" lon="-1.305417">
        <ele>176.954896</ele>
        <time>2026-05-09T12:05:07.281Z</time>
      </trkpt>
      <trkpt lat="51.316956" lon="-1.305562">
        <ele>177.112129</ele>
        <time>2026-05-09T12:05:13.231Z</time>
      </trkpt>
      <trkpt lat="51.31696" lon="-1.305716">
        <ele>177.279224</ele>
        <time>2026-05-09T12:05:20.268Z</time>
      </trkpt>
      <trkpt lat="51.316968" lon="-1.305874">
        <ele>177.451072</ele>
        <time>2026-05-09T12:05:26.241Z</time>
      </trkpt>
      <trkpt lat="51.316991" lon="-1.306022">
        <ele>177.616404</ele>
        <time>2026-05-09T12:05:33.266Z</time>
      </trkpt>
      <trkpt lat="51.316998" lon="-1.30617">
        <ele>177.777309</ele>
        <time>2026-05-09T12:05:40.213Z</time>
      </trkpt>
      <trkpt lat="51.317075" lon="-1.306288">
        <ele>177.962247</ele>
        <time>2026-05-09T12:05:48.263Z</time>
      </trkpt>
      <trkpt lat="51.317184" lon="-1.306335">
        <ele>178.158055</ele>
        <time>2026-05-09T12:05:57.263Z</time>
      </trkpt>
      <trkpt lat="51.317277" lon="-1.306366">
        <ele>178.3507</ele>
        <time>2026-05-09T12:06:11.242Z</time>
      </trkpt>
      <trkpt lat="51.317374" lon="-1.306375">
        <ele>178.683524</ele>
        <time>2026-05-09T12:06:19.241Z</time>
      </trkpt>
      <trkpt lat="51.31748" lon="-1.306373">
        <ele>179.046645</ele>
        <time>2026-05-09T12:06:27.250Z</time>
      </trkpt>
      <trkpt lat="51.317577" lon="-1.306386">
        <ele>179.380075</ele>
        <time>2026-05-09T12:06:35.256Z</time>
      </trkpt>
      <trkpt lat="51.317678" lon="-1.306361">
        <ele>179.730158</ele>
        <time>2026-05-09T12:06:41.238Z</time>
      </trkpt>
      <trkpt lat="51.317776" lon="-1.30642">
        <ele>180.088828</ele>
        <time>2026-05-09T12:06:48.271Z</time>
      </trkpt>
      <trkpt lat="51.317882" lon="-1.306417">
        <ele>180.45198</ele>
        <time>2026-05-09T12:06:56.259Z</time>
      </trkpt>
      <trkpt lat="51.317978" lon="-1.306416">
        <ele>180.780828</ele>
        <time>2026-05-09T12:07:03.276Z</time>
      </trkpt>
      <trkpt lat="51.318077" lon="-1.306401">
        <ele>181.121463</ele>
        <time>2026-05-09T12:07:11.304Z</time>
      </trkpt>
      <trkpt lat="51.318181" lon="-1.306384">
        <ele>181.479561</ele>
        <time>2026-05-09T12:07:18.287Z</time>
      </trkpt>
      <trkpt lat="51.318278" lon="-1.306368">
        <ele>181.813589</ele>
        <time>2026-05-09T12:07:25.231Z</time>
      </trkpt>
      <trkpt lat="51.31837" lon="-1.306364">
        <ele>182.128844</ele>
        <time>2026-05-09T12:07:32.249Z</time>
      </trkpt>
      <trkpt lat="51.318472" lon="-1.30635">
        <ele>182.479521</ele>
        <time>2026-05-09T12:07:40.250Z</time>
      </trkpt>
      <trkpt lat="51.318563" lon="-1.30634">
        <ele>182.791969</ele>
        <time>2026-05-09T12:07:46.274Z</time>
      </trkpt>
      <trkpt lat="51.318655" lon="-1.306309">
        <ele>183.114021</ele>
        <time>2026-05-09T12:07:54.253Z</time>
      </trkpt>
      <trkpt lat="51.31876" lon="-1.306331">
        <ele>183.476761</ele>
        <time>2026-05-09T12:08:02.241Z</time>
      </trkpt>
      <trkpt lat="51.318855" lon="-1.306361">
        <ele>183.808454</ele>
        <time>2026-05-09T12:08:07.236Z</time>
      </trkpt>
      <trkpt lat="51.318939" lon="-1.306412">
        <ele>184.116209</ele>
        <time>2026-05-09T12:08:13.235Z</time>
      </trkpt>
      <trkpt lat="51.319031" lon="-1.306446">
        <ele>184.439645</ele>
        <time>2026-05-09T12:08:19.255Z</time>
      </trkpt>
      <trkpt lat="51.319135" lon="-1.306466">
        <ele>184.613824</ele>
        <time>2026-05-09T12:08:34.255Z</time>
      </trkpt>
      <trkpt lat="51.319226" lon="-1.306497">
        <ele>184.761022</ele>
        <time>2026-05-09T12:08:40.226Z</time>
      </trkpt>
      <trkpt lat="51.319323" lon="-1.306498">
        <ele>184.914488</ele>
        <time>2026-05-09T12:08:46.265Z</time>
      </trkpt>
      <trkpt lat="51.319413" lon="-1.306549">
        <ele>185.065542</ele>
        <time>2026-05-09T12:08:53.249Z</time>
      </trkpt>
      <trkpt lat="51.319506" lon="-1.306563">
        <ele>185.213327</ele>
        <time>2026-05-09T12:08:58.260Z</time>
      </trkpt>
      <trkpt lat="51.319599" lon="-1.306586">
        <ele>185.362208</ele>
        <time>2026-05-09T12:09:03.235Z</time>
      </trkpt>
      <trkpt lat="51.319695" lon="-1.306623">
        <ele>185.518433</ele>
        <time>2026-05-09T12:09:11.247Z</time>
      </trkpt>
      <trkpt lat="51.319791" lon="-1.306636">
        <ele>185.670857</ele>
        <time>2026-05-09T12:09:17.256Z</time>
      </trkpt>
      <trkpt lat="51.31988" lon="-1.306667">
        <ele>185.814961</ele>
        <time>2026-05-09T12:09:23.238Z</time>
      </trkpt>
      <trkpt lat="51.319974" lon="-1.306683">
        <ele>185.964517</ele>
        <time>2026-05-09T12:09:30.241Z</time>
      </trkpt>
      <trkpt lat="51.32007" lon="-1.306695">
        <ele>186.116861</ele>
        <time>2026-05-09T12:09:38.242Z</time>
      </trkpt>
      <trkpt lat="51.320167" lon="-1.306708">
        <ele>186.270861</ele>
        <time>2026-05-09T12:09:45.248Z</time>
      </trkpt>
      <trkpt lat="51.320261" lon="-1.30674">
        <ele>186.422906</ele>
        <time>2026-05-09T12:09:52.247Z</time>
      </trkpt>
      <trkpt lat="51.320352" lon="-1.306771">
        <ele>186.570103</ele>
        <time>2026-05-09T12:09:59.242Z</time>
      </trkpt>
      <trkpt lat="51.32045" lon="-1.306799">
        <ele>186.727601</ele>
        <time>2026-05-09T12:10:06.263Z</time>
      </trkpt>
      <trkpt lat="51.320541" lon="-1.306837">
        <ele>186.876393</ele>
        <time>2026-05-09T12:10:12.246Z</time>
      </trkpt>
      <trkpt lat="51.320631" lon="-1.306901">
        <ele>187.03221</ele>
        <time>2026-05-09T12:10:19.250Z</time>
      </trkpt>
      <trkpt lat="51.320738" lon="-1.30689">
        <ele>187.201843</ele>
        <time>2026-05-09T12:10:34.276Z</time>
      </trkpt>
      <trkpt lat="51.320828" lon="-1.306886">
        <ele>187.259594</ele>
        <time>2026-05-09T12:10:41.247Z</time>
      </trkpt>
      <trkpt lat="51.32092" lon="-1.306899">
        <ele>187.119937</ele>
        <time>2026-05-09T12:10:48.258Z</time>
      </trkpt>
      <trkpt lat="51.321018" lon="-1.306865">
        <ele>186.968306</ele>
        <time>2026-05-09T12:10:54.264Z</time>
      </trkpt>
      <trkpt lat="51.321114" lon="-1.306884">
        <ele>186.822036</ele>
        <time>2026-05-09T12:11:01.264Z</time>
      </trkpt>
      <trkpt lat="51.321207" lon="-1.306896">
        <ele>186.680952</ele>
        <time>2026-05-09T12:11:07.244Z</time>
      </trkpt>
      <trkpt lat="51.321299" lon="-1.306889">
        <ele>186.541679</ele>
        <time>2026-05-09T12:11:14.260Z</time>
      </trkpt>
      <trkpt lat="51.321406" lon="-1.306891">
        <ele>186.379871</ele>
        <time>2026-05-09T12:11:21.260Z</time>
      </trkpt>
      <trkpt lat="51.321518" lon="-1.306905">
        <ele>186.209997</ele>
        <time>2026-05-09T12:11:27.230Z</time>
      </trkpt>
      <trkpt lat="51.321612" lon="-1.306905">
        <ele>186.067857</ele>
        <time>2026-05-09T12:11:36.243Z</time>
      </trkpt>
      <trkpt lat="51.321703" lon="-1.306925">
        <ele>185.928962</ele>
        <time>2026-05-09T12:11:43.245Z</time>
      </trkpt>
      <trkpt lat="51.321802" lon="-1.306934">
        <ele>185.77902</ele>
        <time>2026-05-09T12:11:49.254Z</time>
      </trkpt>
      <trkpt lat="51.321903" lon="-1.306935">
        <ele>185.626293</ele>
        <time>2026-05-09T12:11:55.275Z</time>
      </trkpt>
      <trkpt lat="51.321999" lon="-1.306911">
        <ele>185.479368</ele>
        <time>2026-05-09T12:12:03.249Z</time>
      </trkpt>
      <trkpt lat="51.322104" lon="-1.306906">
        <ele>185.320525</ele>
        <time>2026-05-09T12:12:09.270Z</time>
      </trkpt>
      <trkpt lat="51.322198" lon="-1.306875">
        <ele>185.175398</ele>
        <time>2026-05-09T12:12:16.258Z</time>
      </trkpt>
      <trkpt lat="51.322293" lon="-1.306873">
        <ele>185.031734</ele>
        <time>2026-05-09T12:12:22.268Z</time>
      </trkpt>
      <trkpt lat="51.322388" lon="-1.306826">
        <ele>184.881372</ele>
        <time>2026-05-09T12:12:29.256Z</time>
      </trkpt>
      <trkpt lat="51.322495" lon="-1.30679">
        <ele>184.716037</ele>
        <time>2026-05-09T12:12:37.256Z</time>
      </trkpt>
      <trkpt lat="51.322585" lon="-1.30677">
        <ele>184.571017</ele>
        <time>2026-05-09T12:12:43.232Z</time>
      </trkpt>
      <trkpt lat="51.32267" lon="-1.306706">
        <ele>184.007789</ele>
        <time>2026-05-09T12:12:49.258Z</time>
      </trkpt>
      <trkpt lat="51.322768" lon="-1.306675">
        <ele>183.408845</ele>
        <time>2026-05-09T12:12:56.247Z</time>
      </trkpt>
      <trkpt lat="51.322869" lon="-1.306669">
        <ele>182.802869</ele>
        <time>2026-05-09T12:13:02.253Z</time>
      </trkpt>
      <trkpt lat="51.322955" lon="-1.30662">
        <ele>182.255533</ele>
        <time>2026-05-09T12:13:09.258Z</time>
      </trkpt>
      <trkpt lat="51.323047" lon="-1.306553">
        <ele>181.649495</ele>
        <time>2026-05-09T12:13:17.284Z</time>
      </trkpt>
      <trkpt lat="51.323139" lon="-1.30651">
        <ele>181.074848</ele>
        <time>2026-05-09T12:13:22.266Z</time>
      </trkpt>
      <trkpt lat="51.323232" lon="-1.306466">
        <ele>180.493393</ele>
        <time>2026-05-09T12:13:29.248Z</time>
      </trkpt>
      <trkpt lat="51.323318" lon="-1.306392">
        <ele>179.907948</ele>
        <time>2026-05-09T12:13:36.248Z</time>
      </trkpt>
      <trkpt lat="51.323423" lon="-1.306321">
        <ele>179.224507</ele>
        <time>2026-05-09T12:13:44.245Z</time>
      </trkpt>
      <trkpt lat="51.323512" lon="-1.306269">
        <ele>178.656438</ele>
        <time>2026-05-09T12:13:51.264Z</time>
      </trkpt>
      <trkpt lat="51.3236" lon="-1.306197">
        <ele>178.063855</ele>
        <time>2026-05-09T12:13:57.265Z</time>
      </trkpt>
      <trkpt lat="51.323685" lon="-1.306123">
        <ele>177.483685</ele>
        <time>2026-05-09T12:14:04.241Z</time>
      </trkpt>
      <trkpt lat="51.323775" lon="-1.306022">
        <ele>176.824609</ele>
        <time>2026-05-09T12:14:13.244Z</time>
      </trkpt>
      <trkpt lat="51.323866" lon="-1.305944">
        <ele>176.205664</ele>
        <time>2026-05-09T12:14:18.289Z</time>
      </trkpt>
      <trkpt lat="51.323954" lon="-1.305846">
        <ele>175.562855</ele>
        <time>2026-05-09T12:14:25.260Z</time>
      </trkpt>
      <trkpt lat="51.324032" lon="-1.305743">
        <ele>174.956524</ele>
        <time>2026-05-09T12:14:31.240Z</time>
      </trkpt>
      <trkpt lat="51.324101" lon="-1.305627">
        <ele>174.356486</ele>
        <time>2026-05-09T12:14:37.269Z</time>
      </trkpt>
      <trkpt lat="51.324166" lon="-1.305512">
        <ele>173.783456</ele>
        <time>2026-05-09T12:14:44.244Z</time>
      </trkpt>
      <trkpt lat="51.324235" lon="-1.305397">
        <ele>173.405003</ele>
        <time>2026-05-09T12:14:50.248Z</time>
      </trkpt>
      <trkpt lat="51.324278" lon="-1.305257">
        <ele>173.034692</ele>
        <time>2026-05-09T12:14:58.246Z</time>
      </trkpt>
      <trkpt lat="51.324334" lon="-1.305141">
        <ele>172.686728</ele>
        <time>2026-05-09T12:15:04.217Z</time>
      </trkpt>
      <trkpt lat="51.324393" lon="-1.305016">
        <ele>172.314868</ele>
        <time>2026-05-09T12:15:10.262Z</time>
      </trkpt>
      <trkpt lat="51.324448" lon="-1.30488">
        <ele>171.930319</ele>
        <time>2026-05-09T12:15:17.266Z</time>
      </trkpt>
      <trkpt lat="51.324501" lon="-1.304752">
        <ele>171.56582</ele>
        <time>2026-05-09T12:15:24.249Z</time>
      </trkpt>
      <trkpt lat="51.324548" lon="-1.304612">
        <ele>171.188562</ele>
        <time>2026-05-09T12:15:31.273Z</time>
      </trkpt>
      <trkpt lat="51.324598" lon="-1.304458">
        <ele>170.776596</ele>
        <time>2026-05-09T12:15:38.254Z</time>
      </trkpt>
      <trkpt lat="51.324651" lon="-1.30434">
        <ele>170.431637</ele>
        <time>2026-05-09T12:15:45.235Z</time>
      </trkpt>
      <trkpt lat="51.324734" lon="-1.304271">
        <ele>170.076339</ele>
        <time>2026-05-09T12:15:52.262Z</time>
      </trkpt>
      <trkpt lat="51.32483" lon="-1.304229">
        <ele>169.698281</ele>
        <time>2026-05-09T12:15:57.246Z</time>
      </trkpt>
      <trkpt lat="51.32493" lon="-1.304231">
        <ele>169.318383</ele>
        <time>2026-05-09T12:16:05.268Z</time>
      </trkpt>
      <trkpt lat="51.325034" lon="-1.3042">
        <ele>168.916524</ele>
        <time>2026-05-09T12:16:11.258Z</time>
      </trkpt>
      <trkpt lat="51.325128" lon="-1.304192">
        <ele>168.558942</ele>
        <time>2026-05-09T12:16:17.262Z</time>
      </trkpt>
      <trkpt lat="51.325225" lon="-1.304191">
        <ele>168.190462</ele>
        <time>2026-05-09T12:16:24.252Z</time>
      </trkpt>
      <trkpt lat="51.325325" lon="-1.304191">
        <ele>167.810593</ele>
        <time>2026-05-09T12:16:31.265Z</time>
      </trkpt>
      <trkpt lat="51.325418" lon="-1.304189">
        <ele>167.457283</ele>
        <time>2026-05-09T12:16:37.249Z</time>
      </trkpt>
      <trkpt lat="51.32552" lon="-1.304186">
        <ele>167.069751</ele>
        <time>2026-05-09T12:16:45.281Z</time>
      </trkpt>
      <trkpt lat="51.325619" lon="-1.304192">
        <ele>166.807321</ele>
        <time>2026-05-09T12:16:51.254Z</time>
      </trkpt>
      <trkpt lat="51.325716" lon="-1.304183">
        <ele>166.5932</ele>
        <time>2026-05-09T12:16:58.261Z</time>
      </trkpt>
      <trkpt lat="51.325807" lon="-1.304203">
        <ele>166.390778</ele>
        <time>2026-05-09T12:17:04.222Z</time>
      </trkpt>
      <trkpt lat="51.325906" lon="-1.304189">
        <ele>166.171758</ele>
        <time>2026-05-09T12:17:11.229Z</time>
      </trkpt>
      <trkpt lat="51.325985" lon="-1.304103">
        <ele>165.9612</ele>
        <time>2026-05-09T12:17:18.223Z</time>
      </trkpt>
      <trkpt lat="51.326008" lon="-1.303941">
        <ele>165.732426</ele>
        <time>2026-05-09T12:17:25.232Z</time>
      </trkpt>
      <trkpt lat="51.326047" lon="-1.303792">
        <ele>165.509967</ele>
        <time>2026-05-09T12:17:32.225Z</time>
      </trkpt>
      <trkpt lat="51.326098" lon="-1.30366">
        <ele>165.296252</ele>
        <time>2026-05-09T12:17:38.231Z</time>
      </trkpt>
      <trkpt lat="51.326141" lon="-1.303516">
        <ele>165.076474</ele>
        <time>2026-05-09T12:17:45.232Z</time>
      </trkpt>
      <trkpt lat="51.326196" lon="-1.303377">
        <ele>164.849912</ele>
        <time>2026-05-09T12:17:52.226Z</time>
      </trkpt>
      <trkpt lat="51.326242" lon="-1.303235">
        <ele>164.629652</ele>
        <time>2026-05-09T12:17:58.246Z</time>
      </trkpt>
      <trkpt lat="51.326284" lon="-1.303082">
        <ele>164.399525</ele>
        <time>2026-05-09T12:18:06.236Z</time>
      </trkpt>
      <trkpt lat="51.326335" lon="-1.30296">
        <ele>164.197394</ele>
        <time>2026-05-09T12:18:12.274Z</time>
      </trkpt>
      <trkpt lat="51.326387" lon="-1.302832">
        <ele>163.987153</ele>
        <time>2026-05-09T12:18:18.242Z</time>
      </trkpt>
      <trkpt lat="51.326437" lon="-1.30271">
        <ele>163.786239</ele>
        <time>2026-05-09T12:18:25.274Z</time>
      </trkpt>
      <trkpt lat="51.326496" lon="-1.302578">
        <ele>163.562751</ele>
        <time>2026-05-09T12:18:31.268Z</time>
      </trkpt>
      <trkpt lat="51.326555" lon="-1.302455">
        <ele>163.349221</ele>
        <time>2026-05-09T12:18:38.250Z</time>
      </trkpt>
      <trkpt lat="51.326603" lon="-1.30233">
        <ele>163.147183</ele>
        <time>2026-05-09T12:18:43.269Z</time>
      </trkpt>
      <trkpt lat="51.326653" lon="-1.302195">
        <ele>162.95459</ele>
        <time>2026-05-09T12:18:50.253Z</time>
      </trkpt>
      <trkpt lat="51.326698" lon="-1.302047">
        <ele>162.804177</ele>
        <time>2026-05-09T12:18:56.248Z</time>
      </trkpt>
      <trkpt lat="51.326733" lon="-1.301903">
        <ele>162.662976</ele>
        <time>2026-05-09T12:19:03.256Z</time>
      </trkpt>
      <trkpt lat="51.326772" lon="-1.30176">
        <ele>162.52039</ele>
        <time>2026-05-09T12:19:09.264Z</time>
      </trkpt>
      <trkpt lat="51.326815" lon="-1.301615">
        <ele>162.373715</ele>
        <time>2026-05-09T12:19:16.255Z</time>
      </trkpt>
      <trkpt lat="51.32685" lon="-1.301476">
        <ele>162.236764</ele>
        <time>2026-05-09T12:19:22.269Z</time>
      </trkpt>
      <trkpt lat="51.326892" lon="-1.301317">
        <ele>162.079011</ele>
        <time>2026-05-09T12:19:29.270Z</time>
      </trkpt>
      <trkpt lat="51.326929" lon="-1.301175">
        <ele>161.938414</ele>
        <time>2026-05-09T12:19:36.288Z</time>
      </trkpt>
      <trkpt lat="51.32697" lon="-1.301028">
        <ele>161.791303</ele>
        <time>2026-05-09T12:19:42.257Z</time>
      </trkpt>
      <trkpt lat="51.327003" lon="-1.300887">
        <ele>161.653708</ele>
        <time>2026-05-09T12:19:49.242Z</time>
      </trkpt>
      <trkpt lat="51.327041" lon="-1.300728">
        <ele>161.49814</ele>
        <time>2026-05-09T12:19:55.255Z</time>
      </trkpt>
      <trkpt lat="51.327071" lon="-1.300592">
        <ele>161.366339</ele>
        <time>2026-05-09T12:20:02.247Z</time>
      </trkpt>
      <trkpt lat="51.3271" lon="-1.300455">
        <ele>161.234152</ele>
        <time>2026-05-09T12:20:07.265Z</time>
      </trkpt>
      <trkpt lat="51.327129" lon="-1.300316">
        <ele>161.100234</ele>
        <time>2026-05-09T12:20:14.250Z</time>
      </trkpt>
      <trkpt lat="51.327165" lon="-1.300171">
        <ele>160.957649</ele>
        <time>2026-05-09T12:20:20.305Z</time>
      </trkpt>
      <trkpt lat="51.327197" lon="-1.300025">
        <ele>160.816257</ele>
        <time>2026-05-09T12:20:27.268Z</time>
      </trkpt>
      <trkpt lat="51.327228" lon="-1.299888">
        <ele>160.683104</ele>
        <time>2026-05-09T12:20:33.252Z</time>
      </trkpt>
      <trkpt lat="51.327241" lon="-1.299739">
        <ele>160.545619</ele>
        <time>2026-05-09T12:20:39.251Z</time>
      </trkpt>
      <trkpt lat="51.327275" lon="-1.299584">
        <ele>160.395499</ele>
        <time>2026-05-09T12:20:47.263Z</time>
      </trkpt>
      <trkpt lat="51.327311" lon="-1.299447">
        <ele>160.322832</ele>
        <time>2026-05-09T12:20:53.265Z</time>
      </trkpt>
      <trkpt lat="51.327266" lon="-1.299294">
        <ele>160.256338</ele>
        <time>2026-05-09T12:21:01.258Z</time>
      </trkpt>
      <trkpt lat="51.327202" lon="-1.299156">
        <ele>160.18876</ele>
        <time>2026-05-09T12:21:08.265Z</time>
      </trkpt>
      <trkpt lat="51.32719" lon="-1.299004">
        <ele>160.128514</ele>
        <time>2026-05-09T12:21:14.254Z</time>
      </trkpt>
      <trkpt lat="51.327195" lon="-1.29886">
        <ele>160.071802</ele>
        <time>2026-05-09T12:21:21.252Z</time>
      </trkpt>
      <trkpt lat="51.327213" lon="-1.298713">
        <ele>160.012898</ele>
        <time>2026-05-09T12:21:26.246Z</time>
      </trkpt>
      <trkpt lat="51.327261" lon="-1.298591">
        <ele>159.956207</ele>
        <time>2026-05-09T12:21:33.259Z</time>
      </trkpt>
      <trkpt lat="51.327301" lon="-1.298458">
        <ele>159.898166</ele>
        <time>2026-05-09T12:21:39.254Z</time>
      </trkpt>
      <trkpt lat="51.327348" lon="-1.298308">
        <ele>159.832182</ele>
        <time>2026-05-09T12:21:46.251Z</time>
      </trkpt>
      <trkpt lat="51.327384" lon="-1.298176">
        <ele>159.775548</ele>
        <time>2026-05-09T12:21:53.251Z</time>
      </trkpt>
      <trkpt lat="51.327413" lon="-1.298023">
        <ele>159.712677</ele>
        <time>2026-05-09T12:22:00.271Z</time>
      </trkpt>
      <trkpt lat="51.327469" lon="-1.297901">
        <ele>159.653152</ele>
        <time>2026-05-09T12:22:06.265Z</time>
      </trkpt>
      <trkpt lat="51.327475" lon="-1.297754">
        <ele>159.595224</ele>
        <time>2026-05-09T12:22:12.252Z</time>
      </trkpt>
      <trkpt lat="51.327513" lon="-1.297622">
        <ele>159.538075</ele>
        <time>2026-05-09T12:22:18.244Z</time>
      </trkpt>
      <trkpt lat="51.327554" lon="-1.297491">
        <ele>159.480463</ele>
        <time>2026-05-09T12:22:23.274Z</time>
      </trkpt>
      <trkpt lat="51.327556" lon="-1.297338">
        <ele>159.420286</ele>
        <time>2026-05-09T12:22:30.252Z</time>
      </trkpt>
      <trkpt lat="51.327587" lon="-1.297194">
        <ele>159.360396</ele>
        <time>2026-05-09T12:22:35.272Z</time>
      </trkpt>
      <trkpt lat="51.327634" lon="-1.297052">
        <ele>159.297209</ele>
        <time>2026-05-09T12:22:42.243Z</time>
      </trkpt>
      <trkpt lat="51.327666" lon="-1.29691">
        <ele>159.236285</ele>
        <time>2026-05-09T12:22:47.265Z</time>
      </trkpt>
      <trkpt lat="51.327695" lon="-1.296763">
        <ele>159.058287</ele>
        <time>2026-05-09T12:22:53.248Z</time>
      </trkpt>
      <trkpt lat="51.327735" lon="-1.296628">
        <ele>158.885767</ele>
        <time>2026-05-09T12:23:00.236Z</time>
      </trkpt>
      <trkpt lat="51.327758" lon="-1.296483">
        <ele>158.713027</ele>
        <time>2026-05-09T12:23:05.246Z</time>
      </trkpt>
      <trkpt lat="51.327791" lon="-1.296319">
        <ele>158.514082</ele>
        <time>2026-05-09T12:23:13.251Z</time>
      </trkpt>
      <trkpt lat="51.327827" lon="-1.296173">
        <ele>158.332847</ele>
        <time>2026-05-09T12:23:20.263Z</time>
      </trkpt>
      <trkpt lat="51.327858" lon="-1.296014">
        <ele>158.140523</ele>
        <time>2026-05-09T12:23:26.266Z</time>
      </trkpt>
      <trkpt lat="51.327867" lon="-1.295862">
        <ele>157.964224</ele>
        <time>2026-05-09T12:23:32.252Z</time>
      </trkpt>
      <trkpt lat="51.327885" lon="-1.295721">
        <ele>157.798051</ele>
        <time>2026-05-09T12:23:39.260Z</time>
      </trkpt>
      <trkpt lat="51.32791" lon="-1.295566">
        <ele>157.613208</ele>
        <time>2026-05-09T12:23:45.271Z</time>
      </trkpt>
      <trkpt lat="51.327928" lon="-1.295406">
        <ele>157.425489</ele>
        <time>2026-05-09T12:23:52.252Z</time>
      </trkpt>
      <trkpt lat="51.327957" lon="-1.295258">
        <ele>157.24639</ele>
        <time>2026-05-09T12:23:59.251Z</time>
      </trkpt>
      <trkpt lat="51.327972" lon="-1.295101">
        <ele>157.062998</ele>
        <time>2026-05-09T12:24:05.237Z</time>
      </trkpt>
      <trkpt lat="51.328" lon="-1.294958">
        <ele>156.889962</ele>
        <time>2026-05-09T12:24:12.252Z</time>
      </trkpt>
      <trkpt lat="51.328026" lon="-1.294808">
        <ele>156.710219</ele>
        <time>2026-05-09T12:24:18.253Z</time>
      </trkpt>
      <trkpt lat="51.328059" lon="-1.294645">
        <ele>156.512374</ele>
        <time>2026-05-09T12:24:26.263Z</time>
      </trkpt>
      <trkpt lat="51.328102" lon="-1.2945">
        <ele>156.327047</ele>
        <time>2026-05-09T12:24:33.249Z</time>
      </trkpt>
      <trkpt lat="51.328134" lon="-1.29434">
        <ele>156.133065</ele>
        <time>2026-05-09T12:24:40.248Z</time>
      </trkpt>
      <trkpt lat="51.328165" lon="-1.294185">
        <ele>155.945146</ele>
        <time>2026-05-09T12:24:47.258Z</time>
      </trkpt>
      <trkpt lat="51.328207" lon="-1.294026">
        <ele>155.82154</ele>
        <time>2026-05-09T12:24:53.269Z</time>
      </trkpt>
      <trkpt lat="51.328235" lon="-1.293879">
        <ele>155.723539</ele>
        <time>2026-05-09T12:25:00.252Z</time>
      </trkpt>
      <trkpt lat="51.328263" lon="-1.293729">
        <ele>155.623705</ele>
        <time>2026-05-09T12:25:06.264Z</time>
      </trkpt>
      <trkpt lat="51.328286" lon="-1.293579">
        <ele>155.525211</ele>
        <time>2026-05-09T12:25:13.252Z</time>
      </trkpt>
      <trkpt lat="51.32831" lon="-1.293425">
        <ele>155.423996</ele>
        <time>2026-05-09T12:25:19.266Z</time>
      </trkpt>
      <trkpt lat="51.32833" lon="-1.293275">
        <ele>155.326186</ele>
        <time>2026-05-09T12:25:27.263Z</time>
      </trkpt>
      <trkpt lat="51.328367" lon="-1.293139">
        <ele>155.231594</ele>
        <time>2026-05-09T12:25:32.260Z</time>
      </trkpt>
      <trkpt lat="51.328391" lon="-1.292997">
        <ele>155.137786</ele>
        <time>2026-05-09T12:25:39.258Z</time>
      </trkpt>
      <trkpt lat="51.328422" lon="-1.292826">
        <ele>155.024241</ele>
        <time>2026-05-09T12:25:46.251Z</time>
      </trkpt>
      <trkpt lat="51.328452" lon="-1.292683">
        <ele>154.928047</ele>
        <time>2026-05-09T12:25:53.255Z</time>
      </trkpt>
      <trkpt lat="51.328474" lon="-1.292532">
        <ele>154.829171</ele>
        <time>2026-05-09T12:25:59.263Z</time>
      </trkpt>
      <trkpt lat="51.328495" lon="-1.292383">
        <ele>154.731765</ele>
        <time>2026-05-09T12:26:05.261Z</time>
      </trkpt>
      <trkpt lat="51.328506" lon="-1.292227">
        <ele>154.631652</ele>
        <time>2026-05-09T12:26:12.249Z</time>
      </trkpt>
      <trkpt lat="51.328544" lon="-1.292066">
        <ele>154.521901</ele>
        <time>2026-05-09T12:26:18.247Z</time>
      </trkpt>
      <trkpt lat="51.328545" lon="-1.291908">
        <ele>154.421139</ele>
        <time>2026-05-09T12:26:25.294Z</time>
      </trkpt>
      <trkpt lat="51.328578" lon="-1.291749">
        <ele>154.314297</ele>
        <time>2026-05-09T12:26:32.267Z</time>
      </trkpt>
      <trkpt lat="51.3286" lon="-1.291601">
        <ele>154.217283</ele>
        <time>2026-05-09T12:26:37.284Z</time>
      </trkpt>
      <trkpt lat="51.328632" lon="-1.291445">
        <ele>154.112578</ele>
        <time>2026-05-09T12:26:44.249Z</time>
      </trkpt>
      <trkpt lat="51.32864" lon="-1.291295">
        <ele>154.177897</ele>
        <time>2026-05-09T12:26:50.250Z</time>
      </trkpt>
      <trkpt lat="51.328663" lon="-1.291153">
        <ele>154.3249</ele>
        <time>2026-05-09T12:26:56.264Z</time>
      </trkpt>
      <trkpt lat="51.328663" lon="-1.291008">
        <ele>154.470206</ele>
        <time>2026-05-09T12:27:02.256Z</time>
      </trkpt>
      <trkpt lat="51.32866" lon="-1.290847">
        <ele>154.631618</ele>
        <time>2026-05-09T12:27:09.261Z</time>
      </trkpt>
      <trkpt lat="51.328667" lon="-1.2907">
        <ele>154.779356</ele>
        <time>2026-05-09T12:27:16.262Z</time>
      </trkpt>
      <trkpt lat="51.32868" lon="-1.29055">
        <ele>154.931111</ele>
        <time>2026-05-09T12:27:22.269Z</time>
      </trkpt>
      <trkpt lat="51.328685" lon="-1.290378">
        <ele>155.103661</ele>
        <time>2026-05-09T12:27:29.255Z</time>
      </trkpt>
      <trkpt lat="51.328694" lon="-1.290227">
        <ele>155.255666</ele>
        <time>2026-05-09T12:27:35.251Z</time>
      </trkpt>
      <trkpt lat="51.328699" lon="-1.290077">
        <ele>155.406197</ele>
        <time>2026-05-09T12:27:42.264Z</time>
      </trkpt>
      <trkpt lat="51.328712" lon="-1.289919">
        <ele>155.565897</ele>
        <time>2026-05-09T12:27:49.261Z</time>
      </trkpt>
      <trkpt lat="51.328697" lon="-1.289765">
        <ele>155.722086</ele>
        <time>2026-05-09T12:27:55.267Z</time>
      </trkpt>
      <trkpt lat="51.328619" lon="-1.289662">
        <ele>155.884265</ele>
        <time>2026-05-09T12:28:03.228Z</time>
      </trkpt>
      <trkpt lat="51.328528" lon="-1.289671">
        <ele>156.030486</ele>
        <time>2026-05-09T12:28:09.245Z</time>
      </trkpt>
      <trkpt lat="51.32844" lon="-1.289717">
        <ele>156.178954</ele>
        <time>2026-05-09T12:28:16.237Z</time>
      </trkpt>
      <trkpt lat="51.328343" lon="-1.289741">
        <ele>156.336367</ele>
        <time>2026-05-09T12:28:23.248Z</time>
      </trkpt>
      <trkpt lat="51.328249" lon="-1.289761">
        <ele>156.488447</ele>
        <time>2026-05-09T12:28:28.240Z</time>
      </trkpt>
      <trkpt lat="51.328155" lon="-1.289766">
        <ele>156.639283</ele>
        <time>2026-05-09T12:28:36.230Z</time>
      </trkpt>
      <trkpt lat="51.328056" lon="-1.289781">
        <ele>156.798765</ele>
        <time>2026-05-09T12:28:44.223Z</time>
      </trkpt>
      <trkpt lat="51.327965" lon="-1.289775">
        <ele>156.944831</ele>
        <time>2026-05-09T12:28:50.230Z</time>
      </trkpt>
      <trkpt lat="51.327869" lon="-1.289787">
        <ele>157.778758</ele>
        <time>2026-05-09T12:28:57.247Z</time>
      </trkpt>
      <trkpt lat="51.327775" lon="-1.289799">
        <ele>158.68916</ele>
        <time>2026-05-09T12:29:06.246Z</time>
      </trkpt>
      <trkpt lat="51.327675" lon="-1.289814">
        <ele>159.658838</ele>
        <time>2026-05-09T12:29:14.274Z</time>
      </trkpt>
      <trkpt lat="51.327577" lon="-1.289835">
        <ele>160.613419</ele>
        <time>2026-05-09T12:29:20.268Z</time>
      </trkpt>
      <trkpt lat="51.327476" lon="-1.289843">
        <ele>161.589714</ele>
        <time>2026-05-09T12:29:28.249Z</time>
      </trkpt>
      <trkpt lat="51.327385" lon="-1.289837">
        <ele>162.469015</ele>
        <time>2026-05-09T12:29:34.276Z</time>
      </trkpt>
      <trkpt lat="51.327293" lon="-1.289813">
        <ele>163.368949</ele>
        <time>2026-05-09T12:29:40.259Z</time>
      </trkpt>
      <trkpt lat="51.327202" lon="-1.289769">
        <ele>164.286729</ele>
        <time>2026-05-09T12:29:47.289Z</time>
      </trkpt>
      <trkpt lat="51.327117" lon="-1.289714">
        <ele>165.171899</ele>
        <time>2026-05-09T12:29:54.281Z</time>
      </trkpt>
      <trkpt lat="51.327042" lon="-1.289624">
        <ele>166.076939</ele>
        <time>2026-05-09T12:30:01.290Z</time>
      </trkpt>
      <trkpt lat="51.326944" lon="-1.289576">
        <ele>167.066399</ele>
        <time>2026-05-09T12:30:07.312Z</time>
      </trkpt>
      <trkpt lat="51.326864" lon="-1.289497">
        <ele>167.973965</ele>
        <time>2026-05-09T12:30:15.314Z</time>
      </trkpt>
      <trkpt lat="51.326785" lon="-1.289422">
        <ele>168.860779</ele>
        <time>2026-05-09T12:30:23.277Z</time>
      </trkpt>
      <trkpt lat="51.326694" lon="-1.289369">
        <ele>169.79571</ele>
        <time>2026-05-09T12:30:33.292Z</time>
      </trkpt>
      <trkpt lat="51.326593" lon="-1.289343">
        <ele>170.783346</ele>
        <time>2026-05-09T12:30:41.291Z</time>
      </trkpt>
      <trkpt lat="51.326497" lon="-1.289346">
        <ele>171.710351</ele>
        <time>2026-05-09T12:30:49.257Z</time>
      </trkpt>
      <trkpt lat="51.326401" lon="-1.28933">
        <ele>172.642192</ele>
        <time>2026-05-09T12:30:57.269Z</time>
      </trkpt>
      <trkpt lat="51.326303" lon="-1.289349">
        <ele>173.595247</ele>
        <time>2026-05-09T12:31:03.285Z</time>
      </trkpt>
      <trkpt lat="51.326201" lon="-1.289346">
        <ele>174.651376</ele>
        <time>2026-05-09T12:31:12.311Z</time>
      </trkpt>
      <trkpt lat="51.326105" lon="-1.289365">
        <ele>175.84985</ele>
        <time>2026-05-09T12:31:19.286Z</time>
      </trkpt>
      <trkpt lat="51.326014" lon="-1.289376">
        <ele>176.980525</ele>
        <time>2026-05-09T12:31:27.297Z</time>
      </trkpt>
      <trkpt lat="51.325923" lon="-1.289385">
        <ele>178.11014</ele>
        <time>2026-05-09T12:31:35.282Z</time>
      </trkpt>
      <trkpt lat="51.325823" lon="-1.289378">
        <ele>179.350296</ele>
        <time>2026-05-09T12:31:45.274Z</time>
      </trkpt>
      <trkpt lat="51.325745" lon="-1.289303">
        <ele>180.477725</ele>
        <time>2026-05-09T12:31:51.264Z</time>
      </trkpt>
      <trkpt lat="51.325687" lon="-1.289173">
        <ele>181.71442</ele>
        <time>2026-05-09T12:31:58.255Z</time>
      </trkpt>
      <trkpt lat="51.32563" lon="-1.289038">
        <ele>182.975842</ele>
        <time>2026-05-09T12:32:06.253Z</time>
      </trkpt>
      <trkpt lat="51.325596" lon="-1.288892">
        <ele>184.182152</ele>
        <time>2026-05-09T12:32:14.266Z</time>
      </trkpt>
      <trkpt lat="51.325561" lon="-1.288756">
        <ele>185.320898</ele>
        <time>2026-05-09T12:32:23.250Z</time>
      </trkpt>
      <trkpt lat="51.325523" lon="-1.288608">
        <ele>186.559705</ele>
        <time>2026-05-09T12:32:31.292Z</time>
      </trkpt>
      <trkpt lat="51.32546" lon="-1.28849">
        <ele>187.761331</ele>
        <time>2026-05-09T12:32:39.282Z</time>
      </trkpt>
      <trkpt lat="51.325405" lon="-1.288365">
        <ele>188.944953</ele>
        <time>2026-05-09T12:32:48.277Z</time>
      </trkpt>
      <trkpt lat="51.325336" lon="-1.28826">
        <ele>190.12466</ele>
        <time>2026-05-09T12:32:55.279Z</time>
      </trkpt>
      <trkpt lat="51.325252" lon="-1.288188">
        <ele>191.305285</ele>
        <time>2026-05-09T12:33:02.293Z</time>
      </trkpt>
      <trkpt lat="51.325161" lon="-1.288136">
        <ele>192.502474</ele>
        <time>2026-05-09T12:33:09.276Z</time>
      </trkpt>
      <trkpt lat="51.325066" lon="-1.28808">
        <ele>193.756812</ele>
        <time>2026-05-09T12:33:17.294Z</time>
      </trkpt>
      <trkpt lat="51.324977" lon="-1.288108">
        <ele>194.880604</ele>
        <time>2026-05-09T12:33:25.265Z</time>
      </trkpt>
      <trkpt lat="51.324887" lon="-1.288131">
        <ele>196.009808</ele>
        <time>2026-05-09T12:33:33.280Z</time>
      </trkpt>
      <trkpt lat="51.324784" lon="-1.288157">
        <ele>197.033057</ele>
        <time>2026-05-09T12:33:41.257Z</time>
      </trkpt>
      <trkpt lat="51.324682" lon="-1.288193">
        <ele>197.821984</ele>
        <time>2026-05-09T12:33:50.295Z</time>
      </trkpt>
      <trkpt lat="51.32458" lon="-1.288209">
        <ele>198.596087</ele>
        <time>2026-05-09T12:33:59.310Z</time>
      </trkpt>
      <trkpt lat="51.32448" lon="-1.288203">
        <ele>199.351923</ele>
        <time>2026-05-09T12:34:08.284Z</time>
      </trkpt>
      <trkpt lat="51.32438" lon="-1.288208">
        <ele>200.107596</ele>
        <time>2026-05-09T12:34:18.256Z</time>
      </trkpt>
      <trkpt lat="51.324293" lon="-1.288271">
        <ele>200.828861</ele>
        <time>2026-05-09T12:34:28.260Z</time>
      </trkpt>
      <trkpt lat="51.324202" lon="-1.28828">
        <ele>201.5175</ele>
        <time>2026-05-09T12:34:34.271Z</time>
      </trkpt>
      <trkpt lat="51.32412" lon="-1.288349">
        <ele>202.217258</ele>
        <time>2026-05-09T12:34:43.250Z</time>
      </trkpt>
      <trkpt lat="51.324026" lon="-1.288362">
        <ele>202.929891</ele>
        <time>2026-05-09T12:34:51.260Z</time>
      </trkpt>
      <trkpt lat="51.323924" lon="-1.288355">
        <ele>203.70101</ele>
        <time>2026-05-09T12:35:01.287Z</time>
      </trkpt>
      <trkpt lat="51.323828" lon="-1.288288">
        <ele>204.492065</ele>
        <time>2026-05-09T12:35:05.221Z</time>
      </trkpt>
      <trkpt lat="51.32373" lon="-1.288308">
        <ele>205.23826</ele>
        <time>2026-05-09T12:35:12.267Z</time>
      </trkpt>
      <trkpt lat="51.323633" lon="-1.288321">
        <ele>205.97347</ele>
        <time>2026-05-09T12:35:22.248Z</time>
      </trkpt>
      <trkpt lat="51.323539" lon="-1.288295">
        <ele>206.693985</ele>
        <time>2026-05-09T12:35:30.262Z</time>
      </trkpt>
      <trkpt lat="51.323452" lon="-1.288236">
        <ele>207.407675</ele>
        <time>2026-05-09T12:35:35.268Z</time>
      </trkpt>
      <trkpt lat="51.323403" lon="-1.288088">
        <ele>208.198229</ele>
        <time>2026-05-09T12:35:43.287Z</time>
      </trkpt>
      <trkpt lat="51.323378" lon="-1.287949">
        <ele>208.880953</ele>
        <time>2026-05-09T12:35:49.289Z</time>
      </trkpt>
      <trkpt lat="51.323345" lon="-1.287795">
        <ele>209.649392</ele>
        <time>2026-05-09T12:35:57.290Z</time>
      </trkpt>
      <trkpt lat="51.323309" lon="-1.287658">
        <ele>210.249144</ele>
        <time>2026-05-09T12:36:03.264Z</time>
      </trkpt>
      <trkpt lat="51.323282" lon="-1.28751">
        <ele>210.490252</ele>
        <time>2026-05-09T12:36:10.256Z</time>
      </trkpt>
      <trkpt lat="51.323253" lon="-1.287366">
        <ele>210.726849</ele>
        <time>2026-05-09T12:36:17.289Z</time>
      </trkpt>
      <trkpt lat="51.323187" lon="-1.28724">
        <ele>210.983956</ele>
        <time>2026-05-09T12:36:25.266Z</time>
      </trkpt>
      <trkpt lat="51.32312" lon="-1.287142">
        <ele>211.211109</ele>
        <time>2026-05-09T12:36:31.289Z</time>
      </trkpt>
      <trkpt lat="51.323033" lon="-1.28706">
        <ele>211.46378</ele>
        <time>2026-05-09T12:36:38.262Z</time>
      </trkpt>
      <trkpt lat="51.322978" lon="-1.286929">
        <ele>211.710583</ele>
        <time>2026-05-09T12:36:45.257Z</time>
      </trkpt>
      <trkpt lat="51.322939" lon="-1.286778">
        <ele>211.966097</ele>
        <time>2026-05-09T12:36:52.274Z</time>
      </trkpt>
      <trkpt lat="51.322904" lon="-1.286624">
        <ele>212.222361</ele>
        <time>2026-05-09T12:36:59.248Z</time>
      </trkpt>
      <trkpt lat="51.322879" lon="-1.286467">
        <ele>212.47573</ele>
        <time>2026-05-09T12:37:07.277Z</time>
      </trkpt>
      <trkpt lat="51.32286" lon="-1.286317">
        <ele>212.715077</ele>
        <time>2026-05-09T12:37:14.274Z</time>
      </trkpt>
      <trkpt lat="51.322828" lon="-1.286179">
        <ele>212.945266</ele>
        <time>2026-05-09T12:37:21.269Z</time>
      </trkpt>
      <trkpt lat="51.322802" lon="-1.286036">
        <ele>213.178169</ele>
        <time>2026-05-09T12:37:28.273Z</time>
      </trkpt>
      <trkpt lat="51.322726" lon="-1.28596">
        <ele>213.402437</ele>
        <time>2026-05-09T12:37:34.254Z</time>
      </trkpt>
      <trkpt lat="51.322605" lon="-1.285964">
        <ele>213.705296</ele>
        <time>2026-05-09T12:37:42.207Z</time>
      </trkpt>
      <trkpt lat="51.322508" lon="-1.285988">
        <ele>213.950917</ele>
        <time>2026-05-09T12:37:49.249Z</time>
      </trkpt>
      <trkpt lat="51.322415" lon="-1.285937">
        <ele>214.19693</ele>
        <time>2026-05-09T12:37:57.252Z</time>
      </trkpt>
      <trkpt lat="51.322374" lon="-1.285802">
        <ele>214.431662</ele>
        <time>2026-05-09T12:38:04.239Z</time>
      </trkpt>
      <trkpt lat="51.322354" lon="-1.285646">
        <ele>214.680706</ele>
        <time>2026-05-09T12:38:11.238Z</time>
      </trkpt>
      <trkpt lat="51.322331" lon="-1.285489">
        <ele>214.44832</ele>
        <time>2026-05-09T12:38:18.238Z</time>
      </trkpt>
      <trkpt lat="51.322315" lon="-1.285338">
        <ele>214.190084</ele>
        <time>2026-05-09T12:38:25.251Z</time>
      </trkpt>
      <trkpt lat="51.322306" lon="-1.285183">
        <ele>213.927612</ele>
        <time>2026-05-09T12:38:30.254Z</time>
      </trkpt>
      <trkpt lat="51.322306" lon="-1.285034">
        <ele>213.676381</ele>
        <time>2026-05-09T12:38:37.273Z</time>
      </trkpt>
      <trkpt lat="51.322311" lon="-1.284887">
        <ele>213.428157</ele>
        <time>2026-05-09T12:38:42.275Z</time>
      </trkpt>
      <trkpt lat="51.322321" lon="-1.284736">
        <ele>213.172129</ele>
        <time>2026-05-09T12:38:49.261Z</time>
      </trkpt>
      <trkpt lat="51.322326" lon="-1.284587">
        <ele>212.920537</ele>
        <time>2026-05-09T12:38:55.260Z</time>
      </trkpt>
      <trkpt lat="51.322335" lon="-1.284439">
        <ele>212.669814</ele>
        <time>2026-05-09T12:39:01.265Z</time>
      </trkpt>
      <trkpt lat="51.322339" lon="-1.284287">
        <ele>212.413298</ele>
        <time>2026-05-09T12:39:08.251Z</time>
      </trkpt>
      <trkpt lat="51.322348" lon="-1.284136">
        <ele>212.157541</ele>
        <time>2026-05-09T12:39:14.260Z</time>
      </trkpt>
      <trkpt lat="51.322362" lon="-1.283981">
        <ele>211.893479</ele>
        <time>2026-05-09T12:39:21.258Z</time>
      </trkpt>
      <trkpt lat="51.322363" lon="-1.283822">
        <ele>211.625374</ele>
        <time>2026-05-09T12:39:28.286Z</time>
      </trkpt>
      <trkpt lat="51.322377" lon="-1.283667">
        <ele>211.361312</ele>
        <time>2026-05-09T12:39:34.257Z</time>
      </trkpt>
      <trkpt lat="51.322384" lon="-1.283509">
        <ele>211.094239</ele>
        <time>2026-05-09T12:39:42.258Z</time>
      </trkpt>
      <trkpt lat="51.322399" lon="-1.283344">
        <ele>210.813103</ele>
        <time>2026-05-09T12:39:49.274Z</time>
      </trkpt>
      <trkpt lat="51.322408" lon="-1.283194">
        <ele>210.559024</ele>
        <time>2026-05-09T12:39:55.279Z</time>
      </trkpt>
      <trkpt lat="51.322418" lon="-1.283035">
        <ele>210.289579</ele>
        <time>2026-05-09T12:40:02.260Z</time>
      </trkpt>
      <trkpt lat="51.322423" lon="-1.282873">
        <ele>210.016097</ele>
        <time>2026-05-09T12:40:09.254Z</time>
      </trkpt>
      <trkpt lat="51.32243" lon="-1.282713">
        <ele>209.544768</ele>
        <time>2026-05-09T12:40:15.256Z</time>
      </trkpt>
      <trkpt lat="51.322447" lon="-1.282565">
        <ele>208.787619</ele>
        <time>2026-05-09T12:40:22.279Z</time>
      </trkpt>
      <trkpt lat="51.32245" lon="-1.282401">
        <ele>207.962085</ele>
        <time>2026-05-09T12:40:28.262Z</time>
      </trkpt>
      <trkpt lat="51.322474" lon="-1.282238">
        <ele>207.119481</ele>
        <time>2026-05-09T12:40:35.264Z</time>
      </trkpt>
      <trkpt lat="51.322505" lon="-1.282082">
        <ele>206.295827</ele>
        <time>2026-05-09T12:40:42.263Z</time>
      </trkpt>
      <trkpt lat="51.322527" lon="-1.281935">
        <ele>205.535271</ele>
        <time>2026-05-09T12:40:48.262Z</time>
      </trkpt>
      <trkpt lat="51.322562" lon="-1.281797">
        <ele>204.78591</ele>
        <time>2026-05-09T12:40:55.258Z</time>
      </trkpt>
      <trkpt lat="51.322613" lon="-1.281666">
        <ele>204.009335</ele>
        <time>2026-05-09T12:41:01.274Z</time>
      </trkpt>
      <trkpt lat="51.322671" lon="-1.281527">
        <ele>203.168376</ele>
        <time>2026-05-09T12:41:09.263Z</time>
      </trkpt>
      <trkpt lat="51.322725" lon="-1.281411">
        <ele>202.44058</ele>
        <time>2026-05-09T12:41:16.253Z</time>
      </trkpt>
      <trkpt lat="51.322776" lon="-1.281291">
        <ele>201.710398</ele>
        <time>2026-05-09T12:41:22.262Z</time>
      </trkpt>
      <trkpt lat="51.322837" lon="-1.28118">
        <ele>200.966667</ele>
        <time>2026-05-09T12:41:29.262Z</time>
      </trkpt>
      <trkpt lat="51.322914" lon="-1.281087">
        <ele>200.18994</ele>
        <time>2026-05-09T12:41:35.262Z</time>
      </trkpt>
      <trkpt lat="51.322993" lon="-1.280995">
        <ele>199.403273</ele>
        <time>2026-05-09T12:41:42.277Z</time>
      </trkpt>
      <trkpt lat="51.32308" lon="-1.280928">
        <ele>198.625906</ele>
        <time>2026-05-09T12:41:49.279Z</time>
      </trkpt>
      <trkpt lat="51.323167" lon="-1.280872">
        <ele>197.870891</ele>
        <time>2026-05-09T12:41:56.261Z</time>
      </trkpt>
      <trkpt lat="51.323256" lon="-1.280822">
        <ele>197.111442</ele>
        <time>2026-05-09T12:42:03.290Z</time>
      </trkpt>
      <trkpt lat="51.323345" lon="-1.280757">
        <ele>196.323767</ele>
        <time>2026-05-09T12:42:10.257Z</time>
      </trkpt>
      <trkpt lat="51.323428" lon="-1.280692">
        <ele>195.579768</ele>
        <time>2026-05-09T12:42:17.287Z</time>
      </trkpt>
      <trkpt lat="51.323511" lon="-1.280623">
        <ele>194.673901</ele>
        <time>2026-05-09T12:42:24.266Z</time>
      </trkpt>
      <trkpt lat="51.323592" lon="-1.280534">
        <ele>193.6584</ele>
        <time>2026-05-09T12:42:31.252Z</time>
      </trkpt>
      <trkpt lat="51.323684" lon="-1.280453">
        <ele>192.573144</ele>
        <time>2026-05-09T12:42:38.267Z</time>
      </trkpt>
      <trkpt lat="51.323766" lon="-1.280363">
        <ele>191.545469</ele>
        <time>2026-05-09T12:42:45.306Z</time>
      </trkpt>
      <trkpt lat="51.323843" lon="-1.280265">
        <ele>190.528642</ele>
        <time>2026-05-09T12:42:52.283Z</time>
      </trkpt>
      <trkpt lat="51.323921" lon="-1.280181">
        <ele>189.556941</ele>
        <time>2026-05-09T12:42:59.276Z</time>
      </trkpt>
      <trkpt lat="51.32401" lon="-1.2801">
        <ele>188.498747</ele>
        <time>2026-05-09T12:43:06.281Z</time>
      </trkpt>
      <trkpt lat="51.324098" lon="-1.280031">
        <ele>187.485937</ele>
        <time>2026-05-09T12:43:13.273Z</time>
      </trkpt>
      <trkpt lat="51.324189" lon="-1.279964">
        <ele>186.450661</ele>
        <time>2026-05-09T12:43:20.295Z</time>
      </trkpt>
      <trkpt lat="51.324269" lon="-1.279891">
        <ele>185.498866</ele>
        <time>2026-05-09T12:43:27.278Z</time>
      </trkpt>
      <trkpt lat="51.324353" lon="-1.279815">
        <ele>184.501555</ele>
        <time>2026-05-09T12:43:33.277Z</time>
      </trkpt>
      <trkpt lat="51.32443" lon="-1.279735">
        <ele>183.552726</ele>
        <time>2026-05-09T12:43:40.265Z</time>
      </trkpt>
      <trkpt lat="51.324506" lon="-1.279654">
        <ele>182.608984</ele>
        <time>2026-05-09T12:43:47.278Z</time>
      </trkpt>
      <trkpt lat="51.324591" lon="-1.279605">
        <ele>181.675228</ele>
        <time>2026-05-09T12:43:54.278Z</time>
      </trkpt>
      <trkpt lat="51.324683" lon="-1.279643">
        <ele>180.693228</ele>
        <time>2026-05-09T12:44:01.280Z</time>
      </trkpt>
      <trkpt lat="51.324783" lon="-1.279642">
        <ele>179.659689</ele>
        <time>2026-05-09T12:44:08.269Z</time>
      </trkpt>
      <trkpt lat="51.32488" lon="-1.279615">
        <ele>178.642123</ele>
        <time>2026-05-09T12:44:13.276Z</time>
      </trkpt>
      <trkpt lat="51.324981" lon="-1.279581">
        <ele>177.575422</ele>
        <time>2026-05-09T12:44:22.258Z</time>
      </trkpt>
      <trkpt lat="51.325079" lon="-1.279567">
        <ele>176.692933</ele>
        <time>2026-05-09T12:44:29.258Z</time>
      </trkpt>
      <trkpt lat="51.325179" lon="-1.279557">
        <ele>176.297125</ele>
        <time>2026-05-09T12:44:37.290Z</time>
      </trkpt>
      <trkpt lat="51.325271" lon="-1.279553">
        <ele>175.933556</ele>
        <time>2026-05-09T12:44:41.274Z</time>
      </trkpt>
      <trkpt lat="51.325364" lon="-1.279527">
        <ele>175.560606</ele>
        <time>2026-05-09T12:44:48.286Z</time>
      </trkpt>
      <trkpt lat="51.32546" lon="-1.279483">
        <ele>175.166122</ele>
        <time>2026-05-09T12:44:57.269Z</time>
      </trkpt>
      <trkpt lat="51.325563" lon="-1.279442">
        <ele>174.746834</ele>
        <time>2026-05-09T12:45:02.280Z</time>
      </trkpt>
      <trkpt lat="51.325664" lon="-1.279443">
        <ele>174.347838</ele>
        <time>2026-05-09T12:45:08.297Z</time>
      </trkpt>
      <trkpt lat="51.325762" lon="-1.279419">
        <ele>173.956193</ele>
        <time>2026-05-09T12:45:14.261Z</time>
      </trkpt>
      <trkpt lat="51.325862" lon="-1.279373">
        <ele>173.545159</ele>
        <time>2026-05-09T12:45:23.271Z</time>
      </trkpt>
      <trkpt lat="51.325958" lon="-1.279359">
        <ele>173.164351</ele>
        <time>2026-05-09T12:45:29.304Z</time>
      </trkpt>
      <trkpt lat="51.326059" lon="-1.279322">
        <ele>172.755042</ele>
        <time>2026-05-09T12:45:36.258Z</time>
      </trkpt>
      <trkpt lat="51.326153" lon="-1.279317">
        <ele>172.383501</ele>
        <time>2026-05-09T12:45:42.307Z</time>
      </trkpt>
      <trkpt lat="51.326242" lon="-1.279288">
        <ele>172.024704</ele>
        <time>2026-05-09T12:45:48.282Z</time>
      </trkpt>
      <trkpt lat="51.326342" lon="-1.279264">
        <ele>171.625248</ele>
        <time>2026-05-09T12:45:55.265Z</time>
      </trkpt>
      <trkpt lat="51.326438" lon="-1.279254">
        <ele>171.245209</ele>
        <time>2026-05-09T12:46:02.261Z</time>
      </trkpt>
      <trkpt lat="51.326539" lon="-1.279271">
        <ele>170.84402</ele>
        <time>2026-05-09T12:46:08.276Z</time>
      </trkpt>
      <trkpt lat="51.32663" lon="-1.279276">
        <ele>170.484324</ele>
        <time>2026-05-09T12:46:14.261Z</time>
      </trkpt>
      <trkpt lat="51.326717" lon="-1.279345">
        <ele>170.100749</ele>
        <time>2026-05-09T12:46:19.238Z</time>
      </trkpt>
      <trkpt lat="51.32682" lon="-1.279344">
        <ele>169.693853</ele>
        <time>2026-05-09T12:46:26.259Z</time>
      </trkpt>
      <trkpt lat="51.326915" lon="-1.27936">
        <ele>169.657262</ele>
        <time>2026-05-09T12:46:32.288Z</time>
      </trkpt>
      <trkpt lat="51.32701" lon="-1.279421">
        <ele>169.641856</ele>
        <time>2026-05-09T12:46:38.276Z</time>
      </trkpt>
      <trkpt lat="51.327101" lon="-1.279429">
        <ele>169.628139</ele>
        <time>2026-05-09T12:46:46.249Z</time>
      </trkpt>
      <trkpt lat="51.327201" lon="-1.279453">
        <ele>169.61292</ele>
        <time>2026-05-09T12:46:52.284Z</time>
      </trkpt>
      <trkpt lat="51.327298" lon="-1.279471">
        <ele>169.598224</ele>
        <time>2026-05-09T12:46:59.282Z</time>
      </trkpt>
      <trkpt lat="51.327397" lon="-1.279494">
        <ele>169.583167</ele>
        <time>2026-05-09T12:47:06.282Z</time>
      </trkpt>
      <trkpt lat="51.327487" lon="-1.279524">
        <ele>169.569331</ele>
        <time>2026-05-09T12:47:12.268Z</time>
      </trkpt>
      <trkpt lat="51.327576" lon="-1.279561">
        <ele>169.555492</ele>
        <time>2026-05-09T12:47:18.273Z</time>
      </trkpt>
      <trkpt lat="51.327669" lon="-1.279603">
        <ele>169.540948</ele>
        <time>2026-05-09T12:47:25.277Z</time>
      </trkpt>
      <trkpt lat="51.327769" lon="-1.279597">
        <ele>169.525887</ele>
        <time>2026-05-09T12:47:31.264Z</time>
      </trkpt>
      <trkpt lat="51.327883" lon="-1.279593">
        <ele>169.508726</ele>
        <time>2026-05-09T12:47:39.292Z</time>
      </trkpt>
      <trkpt lat="51.327974" lon="-1.27962">
        <ele>169.494796</ele>
        <time>2026-05-09T12:47:46.290Z</time>
      </trkpt>
      <trkpt lat="51.328069" lon="-1.279594">
        <ele>169.480291</ele>
        <time>2026-05-09T12:47:52.268Z</time>
      </trkpt>
      <trkpt lat="51.328178" lon="-1.279596">
        <ele>169.463885</ele>
        <time>2026-05-09T12:48:00.279Z</time>
      </trkpt>
      <trkpt lat="51.328268" lon="-1.279611">
        <ele>169.450266</ele>
        <time>2026-05-09T12:48:05.272Z</time>
      </trkpt>
      <trkpt lat="51.328366" lon="-1.279609">
        <ele>169.435516</ele>
        <time>2026-05-09T12:48:12.287Z</time>
      </trkpt>
      <trkpt lat="51.328473" lon="-1.279626">
        <ele>169.419332</ele>
        <time>2026-05-09T12:48:20.272Z</time>
      </trkpt>
      <trkpt lat="51.328572" lon="-1.279626">
        <ele>169.404432</ele>
        <time>2026-05-09T12:48:26.295Z</time>
      </trkpt>
      <trkpt lat="51.32868" lon="-1.27963">
        <ele>169.107968</ele>
        <time>2026-05-09T12:48:33.271Z</time>
      </trkpt>
      <trkpt lat="51.328783" lon="-1.279631">
        <ele>168.72686</ele>
        <time>2026-05-09T12:48:40.283Z</time>
      </trkpt>
      <trkpt lat="51.32888" lon="-1.279625">
        <ele>168.367692</ele>
        <time>2026-05-09T12:48:46.269Z</time>
      </trkpt>
      <trkpt lat="51.328973" lon="-1.279619">
        <ele>168.023312</ele>
        <time>2026-05-09T12:48:53.274Z</time>
      </trkpt>
      <trkpt lat="51.329072" lon="-1.279611">
        <ele>167.656546</ele>
        <time>2026-05-09T12:48:59.291Z</time>
      </trkpt>
      <trkpt lat="51.32918" lon="-1.279611">
        <ele>167.256945</ele>
        <time>2026-05-09T12:49:07.281Z</time>
      </trkpt>
      <trkpt lat="51.32927" lon="-1.279648">
        <ele>166.913134</ele>
        <time>2026-05-09T12:49:12.243Z</time>
      </trkpt>
      <trkpt lat="51.329364" lon="-1.279633">
        <ele>166.563609</ele>
        <time>2026-05-09T12:49:19.268Z</time>
      </trkpt>
      <trkpt lat="51.329469" lon="-1.279636">
        <ele>166.175047</ele>
        <time>2026-05-09T12:49:27.319Z</time>
      </trkpt>
      <trkpt lat="51.329564" lon="-1.279671">
        <ele>165.814353</ele>
        <time>2026-05-09T12:49:32.276Z</time>
      </trkpt>
      <trkpt lat="51.329621" lon="-1.279786">
        <ele>165.474993</ele>
        <time>2026-05-09T12:49:38.278Z</time>
      </trkpt>
      <trkpt lat="51.329681" lon="-1.279904">
        <ele>165.123273</ele>
        <time>2026-05-09T12:49:44.277Z</time>
      </trkpt>
      <trkpt lat="51.329749" lon="-1.280008">
        <ele>164.775261</ele>
        <time>2026-05-09T12:49:51.291Z</time>
      </trkpt>
      <trkpt lat="51.329827" lon="-1.280087">
        <ele>164.433724</ele>
        <time>2026-05-09T12:49:57.244Z</time>
      </trkpt>
      <trkpt lat="51.329911" lon="-1.280179">
        <ele>164.057113</ele>
        <time>2026-05-09T12:50:04.246Z</time>
      </trkpt>
      <trkpt lat="51.330018" lon="-1.280185">
        <ele>163.66097</ele>
        <time>2026-05-09T12:50:21.241Z</time>
      </trkpt>
      <trkpt lat="51.330113" lon="-1.280192">
        <ele>163.309097</ele>
        <time>2026-05-09T12:50:27.248Z</time>
      </trkpt>
      <trkpt lat="51.33022" lon="-1.280212">
        <ele>162.910506</ele>
        <time>2026-05-09T12:50:34.245Z</time>
      </trkpt>
      <trkpt lat="51.330312" lon="-1.280224">
        <ele>162.4855</ele>
        <time>2026-05-09T12:50:41.241Z</time>
      </trkpt>
      <trkpt lat="51.330403" lon="-1.280254">
        <ele>161.978765</ele>
        <time>2026-05-09T12:50:46.252Z</time>
      </trkpt>
      <trkpt lat="51.330492" lon="-1.280284">
        <ele>161.48271</ele>
        <time>2026-05-09T12:50:53.243Z</time>
      </trkpt>
      <trkpt lat="51.330589" lon="-1.280315">
        <ele>160.943228</ele>
        <time>2026-05-09T12:50:59.285Z</time>
      </trkpt>
      <trkpt lat="51.330684" lon="-1.280382">
        <ele>160.377021</ele>
        <time>2026-05-09T12:51:06.277Z</time>
      </trkpt>
      <trkpt lat="51.330787" lon="-1.280415">
        <ele>159.804113</ele>
        <time>2026-05-09T12:51:13.270Z</time>
      </trkpt>
      <trkpt lat="51.330884" lon="-1.280445">
        <ele>159.265288</ele>
        <time>2026-05-09T12:51:20.270Z</time>
      </trkpt>
      <trkpt lat="51.330975" lon="-1.280452">
        <ele>158.768401</ele>
        <time>2026-05-09T12:51:25.280Z</time>
      </trkpt>
      <trkpt lat="51.331071" lon="-1.280495">
        <ele>158.224698</ele>
        <time>2026-05-09T12:51:32.267Z</time>
      </trkpt>
      <trkpt lat="51.331166" lon="-1.280534">
        <ele>157.689795</ele>
        <time>2026-05-09T12:51:39.284Z</time>
      </trkpt>
      <trkpt lat="51.331253" lon="-1.280591">
        <ele>157.177078</ele>
        <time>2026-05-09T12:51:45.265Z</time>
      </trkpt>
      <trkpt lat="51.331336" lon="-1.280656">
        <ele>156.673109</ele>
        <time>2026-05-09T12:51:53.282Z</time>
      </trkpt>
      <trkpt lat="51.331438" lon="-1.28063">
        <ele>156.10979</ele>
        <time>2026-05-09T12:52:08.293Z</time>
      </trkpt>
      <trkpt lat="51.331543" lon="-1.280596">
        <ele>155.525516</ele>
        <time>2026-05-09T12:52:15.278Z</time>
      </trkpt>
      <trkpt lat="51.331636" lon="-1.280575">
        <ele>155.013271</ele>
        <time>2026-05-09T12:52:21.272Z</time>
      </trkpt>
      <trkpt lat="51.331742" lon="-1.280525">
        <ele>154.410561</ele>
        <time>2026-05-09T12:52:28.298Z</time>
      </trkpt>
      <trkpt lat="51.331834" lon="-1.280463">
        <ele>153.866126</ele>
        <time>2026-05-09T12:52:35.276Z</time>
      </trkpt>
      <trkpt lat="51.331925" lon="-1.280387">
        <ele>153.306304</ele>
        <time>2026-05-09T12:52:41.287Z</time>
      </trkpt>
      <trkpt lat="51.332014" lon="-1.280301">
        <ele>152.858923</ele>
        <time>2026-05-09T12:52:49.262Z</time>
      </trkpt>
      <trkpt lat="51.33209" lon="-1.28019">
        <ele>152.640318</ele>
        <time>2026-05-09T12:52:55.271Z</time>
      </trkpt>
      <trkpt lat="51.332156" lon="-1.280061">
        <ele>152.41898</ele>
        <time>2026-05-09T12:53:02.285Z</time>
      </trkpt>
      <trkpt lat="51.33223" lon="-1.279961">
        <ele>152.213205</ele>
        <time>2026-05-09T12:53:09.268Z</time>
      </trkpt>
      <trkpt lat="51.332308" lon="-1.279855">
        <ele>151.995797</ele>
        <time>2026-05-09T12:53:15.283Z</time>
      </trkpt>
      <trkpt lat="51.33238" lon="-1.279757">
        <ele>151.794981</ele>
        <time>2026-05-09T12:53:22.286Z</time>
      </trkpt>
      <trkpt lat="51.332444" lon="-1.279649">
        <ele>151.59738</ele>
        <time>2026-05-09T12:53:28.288Z</time>
      </trkpt>
      <trkpt lat="51.332517" lon="-1.279535">
        <ele>151.380679</ele>
        <time>2026-05-09T12:53:35.267Z</time>
      </trkpt>
      <trkpt lat="51.332582" lon="-1.279429">
        <ele>151.183515</ele>
        <time>2026-05-09T12:53:41.231Z</time>
      </trkpt>
      <trkpt lat="51.332628" lon="-1.2793">
        <ele>150.986339</ele>
        <time>2026-05-09T12:53:48.276Z</time>
      </trkpt>
      <trkpt lat="51.332703" lon="-1.279386">
        <ele>150.790312</ele>
        <time>2026-05-09T12:53:55.273Z</time>
      </trkpt>
      <trkpt lat="51.332747" lon="-1.279519">
        <ele>150.590532</ele>
        <time>2026-05-09T12:54:02.297Z</time>
      </trkpt>
      <trkpt lat="51.332797" lon="-1.279647">
        <ele>150.390136</ele>
        <time>2026-05-09T12:54:09.282Z</time>
      </trkpt>
      <trkpt lat="51.332851" lon="-1.279781">
        <ele>150.17846</ele>
        <time>2026-05-09T12:54:15.262Z</time>
      </trkpt>
      <trkpt lat="51.332897" lon="-1.27991">
        <ele>149.981285</ele>
        <time>2026-05-09T12:54:22.275Z</time>
      </trkpt>
      <trkpt lat="51.332946" lon="-1.280047">
        <ele>149.771728</ele>
        <time>2026-05-09T12:54:30.253Z</time>
      </trkpt>
      <trkpt lat="51.332993" lon="-1.280171">
        <ele>149.579197</ele>
        <time>2026-05-09T12:54:35.310Z</time>
      </trkpt>
      <trkpt lat="51.333045" lon="-1.280307">
        <ele>149.367534</ele>
        <time>2026-05-09T12:54:43.267Z</time>
      </trkpt>
      <trkpt lat="51.333112" lon="-1.28043">
        <ele>149.150911</ele>
        <time>2026-05-09T12:54:49.271Z</time>
      </trkpt>
      <trkpt lat="51.33317" lon="-1.28055">
        <ele>149.074931</ele>
        <time>2026-05-09T12:54:56.288Z</time>
      </trkpt>
      <trkpt lat="51.333222" lon="-1.280675">
        <ele>149.027851</ele>
        <time>2026-05-09T12:55:03.275Z</time>
      </trkpt>
      <trkpt lat="51.333269" lon="-1.28081">
        <ele>148.979401</ele>
        <time>2026-05-09T12:55:09.304Z</time>
      </trkpt>
      <trkpt lat="51.33333" lon="-1.280935">
        <ele>148.929676</ele>
        <time>2026-05-09T12:55:17.271Z</time>
      </trkpt>
      <trkpt lat="51.333404" lon="-1.281047">
        <ele>148.878572</ele>
        <time>2026-05-09T12:55:24.299Z</time>
      </trkpt>
      <trkpt lat="51.33344" lon="-1.281194">
        <ele>148.829073</ele>
        <time>2026-05-09T12:55:31.281Z</time>
      </trkpt>
      <trkpt lat="51.333413" lon="-1.281343">
        <ele>148.780436</ele>
        <time>2026-05-09T12:55:38.316Z</time>
      </trkpt>
      <trkpt lat="51.333369" lon="-1.281495">
        <ele>148.727917</ele>
        <time>2026-05-09T12:55:46.318Z</time>
      </trkpt>
      <trkpt lat="51.333314" lon="-1.281628">
        <ele>148.677915</ele>
        <time>2026-05-09T12:55:52.280Z</time>
      </trkpt>
      <trkpt lat="51.333276" lon="-1.281761">
        <ele>148.632066</ele>
        <time>2026-05-09T12:55:58.276Z</time>
      </trkpt>
      <trkpt lat="51.333202" lon="-1.281863">
        <ele>148.583062</ele>
        <time>2026-05-09T12:56:04.291Z</time>
      </trkpt>
      <trkpt lat="51.333131" lon="-1.281987">
        <ele>148.530332</ele>
        <time>2026-05-09T12:56:12.293Z</time>
      </trkpt>
      <trkpt lat="51.33313" lon="-1.282148">
        <ele>148.479855</ele>
        <time>2026-05-09T12:56:22.293Z</time>
      </trkpt>
      <trkpt lat="51.333191" lon="-1.282274">
        <ele>148.429883</ele>
        <time>2026-05-09T12:56:29.253Z</time>
      </trkpt>
      <trkpt lat="51.333208" lon="-1.282432">
        <ele>148.379619</ele>
        <time>2026-05-09T12:56:34.266Z</time>
      </trkpt>
      <trkpt lat="51.333193" lon="-1.282574">
        <ele>148.33447</ele>
        <time>2026-05-09T12:56:40.246Z</time>
      </trkpt>
      <trkpt lat="51.333213" lon="-1.282732">
        <ele>148.28393</ele>
        <time>2026-05-09T12:56:47.257Z</time>
      </trkpt>
      <trkpt lat="51.333234" lon="-1.282883">
        <ele>148.235432</ele>
        <time>2026-05-09T12:56:54.260Z</time>
      </trkpt>
      <trkpt lat="51.333287" lon="-1.283001">
        <ele>148.211191</ele>
        <time>2026-05-09T12:57:00.257Z</time>
      </trkpt>
      <trkpt lat="51.333337" lon="-1.283123">
        <ele>148.211191</ele>
        <time>2026-05-09T12:57:05.253Z</time>
      </trkpt>
      <trkpt lat="51.333368" lon="-1.283261">
        <ele>148.211191</ele>
        <time>2026-05-09T12:57:12.242Z</time>
      </trkpt>
      <trkpt lat="51.333395" lon="-1.283403">
        <ele>148.211191</ele>
        <time>2026-05-09T12:57:19.255Z</time>
      </trkpt>
      <trkpt lat="51.333437" lon="-1.283533">
        <ele>148.211191</ele>
        <time>2026-05-09T12:57:25.259Z</time>
      </trkpt>
      <trkpt lat="51.333507" lon="-1.283652">
        <ele>148.211191</ele>
        <time>2026-05-09T12:57:32.260Z</time>
      </trkpt>
      <trkpt lat="51.333547" lon="-1.283792">
        <ele>148.211191</ele>
        <time>2026-05-09T12:57:38.256Z</time>
      </trkpt>
      <trkpt lat="51.333639" lon="-1.283816">
        <ele>148.211191</ele>
        <time>2026-05-09T12:57:47.286Z</time>
      </trkpt>
      <trkpt lat="51.333718" lon="-1.283745">
        <ele>148.211191</ele>
        <time>2026-05-09T12:57:53.233Z</time>
      </trkpt>
      <trkpt lat="51.333795" lon="-1.283661">
        <ele>148.211191</ele>
        <time>2026-05-09T12:58:00.246Z</time>
      </trkpt>
      <trkpt lat="51.333889" lon="-1.283598">
        <ele>148.211191</ele>
        <time>2026-05-09T12:58:06.262Z</time>
      </trkpt>
      <trkpt lat="51.333986" lon="-1.283543">
        <ele>148.211191</ele>
        <time>2026-05-09T12:58:14.234Z</time>
      </trkpt>
      <trkpt lat="51.334083" lon="-1.283484">
        <ele>148.211191</ele>
        <time>2026-05-09T12:58:20.261Z</time>
      </trkpt>
      <trkpt lat="51.334169" lon="-1.283432">
        <ele>148.211191</ele>
        <time>2026-05-09T12:58:28.252Z</time>
      </trkpt>
      <trkpt lat="51.334261" lon="-1.283391">
        <ele>148.211191</ele>
        <time>2026-05-09T12:58:35.255Z</time>
      </trkpt>
      <trkpt lat="51.334348" lon="-1.283333">
        <ele>148.211191</ele>
        <time>2026-05-09T12:58:40.262Z</time>
      </trkpt>
      <trkpt lat="51.33444" lon="-1.283404">
        <ele>148.211191</ele>
        <time>2026-05-09T12:58:51.257Z</time>
      </trkpt>
      <trkpt lat="51.334497" lon="-1.283515">
        <ele>148.211191</ele>
        <time>2026-05-09T12:59:10.288Z</time>
      </trkpt>
    </trkseg>
  </trk>
</gpx>
